threshold	rice_sn	rice_sp	rice_f1	ath_sn	ath_sp	ath_f1	min_sn	min_sp	mean_sp	mean_sn	mean_f1
0.0	1.0	0.0	0.5095541401273885	1.0	0.0	0.39408866995073893	1.0	0.0	0.0	1.0	0.45182140503906376
0.0015987989027053118	1.0	0.0	0.5095541401273885	1.0	0.0	0.39408866995073893	1.0	0.0	0.0	1.0	0.45182140503906376
0.0015987990191206336	1.0	0.012987012987012988	0.5128205128205128	1.0	0.0	0.39408866995073893	1.0	0.0	0.006493506493506494	1.0	0.4534545913856258
0.006931685842573643	1.0	0.012987012987012988	0.5128205128205128	1.0	0.0	0.39408866995073893	1.0	0.0	0.006493506493506494	1.0	0.4534545913856258
0.00693168630823493	1.0	0.012987012987012988	0.5128205128205128	1.0	0.008130081300813009	0.39603960396039606	1.0	0.008130081300813009	0.010558547143912998	1.0	0.4544300583904544
0.007116740569472313	1.0	0.012987012987012988	0.5128205128205128	1.0	0.008130081300813009	0.39603960396039606	1.0	0.008130081300813009	0.010558547143912998	1.0	0.4544300583904544
0.0071167410351336	1.0	0.012987012987012988	0.5128205128205128	1.0	0.016260162601626018	0.39800995024875624	1.0	0.012987012987012988	0.014623587794319503	1.0	0.4554152315346345
0.007321038283407688	1.0	0.012987012987012988	0.5128205128205128	1.0	0.016260162601626018	0.39800995024875624	1.0	0.012987012987012988	0.014623587794319503	1.0	0.4554152315346345
0.0073210387490689754	1.0	0.025974025974025976	0.5161290322580645	1.0	0.016260162601626018	0.39800995024875624	1.0	0.016260162601626018	0.021117094287825995	1.0	0.45706949125341034
0.008213122375309467	1.0	0.025974025974025976	0.5161290322580645	1.0	0.016260162601626018	0.39800995024875624	1.0	0.016260162601626018	0.021117094287825995	1.0	0.45706949125341034
0.008213123306632042	1.0	0.025974025974025976	0.5161290322580645	1.0	0.024390243902439025	0.4	1.0	0.024390243902439025	0.0251821349382325	1.0	0.45806451612903226
0.008411816321313381	1.0	0.025974025974025976	0.5161290322580645	1.0	0.024390243902439025	0.4	1.0	0.024390243902439025	0.0251821349382325	1.0	0.45806451612903226
0.008411817252635956	1.0	0.03896103896103896	0.5194805194805194	1.0	0.024390243902439025	0.4	1.0	0.024390243902439025	0.031675641431738996	1.0	0.4597402597402597
0.009456275030970573	1.0	0.03896103896103896	0.5194805194805194	1.0	0.024390243902439025	0.4	1.0	0.024390243902439025	0.031675641431738996	1.0	0.4597402597402597
0.009456275962293148	1.0	0.03896103896103896	0.5194805194805194	1.0	0.032520325203252036	0.4020100502512563	1.0	0.032520325203252036	0.035740682082145495	1.0	0.46074528486588784
0.0102696493268013	1.0	0.03896103896103896	0.5194805194805194	1.0	0.032520325203252036	0.4020100502512563	1.0	0.032520325203252036	0.035740682082145495	1.0	0.46074528486588784
0.010269650258123875	1.0	0.05194805194805195	0.5228758169934641	1.0	0.032520325203252036	0.4020100502512563	1.0	0.032520325203252036	0.04223418857565199	1.0	0.4624429336223602
0.01057827565819025	1.0	0.05194805194805195	0.5228758169934641	1.0	0.032520325203252036	0.4020100502512563	1.0	0.032520325203252036	0.04223418857565199	1.0	0.4624429336223602
0.010578276589512825	1.0	0.05194805194805195	0.5228758169934641	1.0	0.04065040650406504	0.40404040404040403	1.0	0.04065040650406504	0.046299229226058496	1.0	0.4634581105169341
0.011603097431361675	1.0	0.05194805194805195	0.5228758169934641	1.0	0.04065040650406504	0.40404040404040403	1.0	0.04065040650406504	0.046299229226058496	1.0	0.4634581105169341
0.01160309836268425	1.0	0.05194805194805195	0.5228758169934641	1.0	0.04878048780487805	0.40609137055837563	1.0	0.04878048780487805	0.050364269876465	1.0	0.46448359377591986
0.011680264957249165	1.0	0.05194805194805195	0.5228758169934641	1.0	0.04878048780487805	0.40609137055837563	1.0	0.04878048780487805	0.050364269876465	1.0	0.46448359377591986
0.01168026588857174	1.0	0.06493506493506493	0.5263157894736842	1.0	0.04878048780487805	0.40609137055837563	1.0	0.04878048780487805	0.05685777636997149	1.0	0.4662035800160299
0.011957892216742039	1.0	0.06493506493506493	0.5263157894736842	1.0	0.04878048780487805	0.40609137055837563	1.0	0.04878048780487805	0.05685777636997149	1.0	0.4662035800160299
0.011957893148064613	1.0	0.07792207792207792	0.5298013245033113	1.0	0.04878048780487805	0.40609137055837563	1.0	0.04878048780487805	0.06335128286347799	1.0	0.46794634753084347
0.01280690636485815	1.0	0.07792207792207792	0.5298013245033113	1.0	0.04878048780487805	0.40609137055837563	1.0	0.04878048780487805	0.06335128286347799	1.0	0.46794634753084347
0.012806907296180725	1.0	0.07792207792207792	0.5298013245033113	1.0	0.056910569105691054	0.40816326530612246	1.0	0.056910569105691054	0.06741632351388449	1.0	0.4689822949047169
0.013484879396855831	1.0	0.07792207792207792	0.5298013245033113	1.0	0.056910569105691054	0.40816326530612246	1.0	0.056910569105691054	0.06741632351388449	1.0	0.4689822949047169
0.013484880328178406	1.0	0.07792207792207792	0.5298013245033113	1.0	0.06504065040650407	0.41025641025641024	1.0	0.06504065040650407	0.07148136416429099	1.0	0.47002886737986077
0.014128508977591991	1.0	0.07792207792207792	0.5298013245033113	1.0	0.06504065040650407	0.41025641025641024	1.0	0.06504065040650407	0.07148136416429099	1.0	0.47002886737986077
0.014128509908914566	1.0	0.07792207792207792	0.5298013245033113	1.0	0.07317073170731707	0.41237113402061853	1.0	0.07317073170731707	0.07554640481469749	1.0	0.4710862292619649
0.015143674798309803	1.0	0.07792207792207792	0.5298013245033113	1.0	0.07317073170731707	0.41237113402061853	1.0	0.07317073170731707	0.07554640481469749	1.0	0.4710862292619649
0.015143675729632378	1.0	0.07792207792207792	0.5298013245033113	1.0	0.08130081300813008	0.41450777202072536	1.0	0.07792207792207792	0.079611445465104	1.0	0.4721545482620183
0.015256522223353386	1.0	0.07792207792207792	0.5298013245033113	1.0	0.08130081300813008	0.41450777202072536	1.0	0.07792207792207792	0.079611445465104	1.0	0.4721545482620183
0.01525652315467596	1.0	0.09090909090909091	0.5333333333333333	1.0	0.08130081300813008	0.41450777202072536	1.0	0.08130081300813008	0.0861049519586105	1.0	0.47392055267702937
0.01527007482945919	1.0	0.09090909090909091	0.5333333333333333	1.0	0.08130081300813008	0.41450777202072536	1.0	0.08130081300813008	0.0861049519586105	1.0	0.47392055267702937
0.015270075760781765	1.0	0.1038961038961039	0.5369127516778524	1.0	0.08130081300813008	0.41450777202072536	1.0	0.08130081300813008	0.09259845845211699	1.0	0.4757102618492889
0.015503372065722942	1.0	0.1038961038961039	0.5369127516778524	1.0	0.08130081300813008	0.41450777202072536	1.0	0.08130081300813008	0.09259845845211699	1.0	0.4757102618492889
0.015503372997045517	1.0	0.1038961038961039	0.5369127516778524	1.0	0.08943089430894309	0.4166666666666667	1.0	0.08943089430894309	0.0966634991025235	1.0	0.4767897091722595
0.015962552279233932	1.0	0.1038961038961039	0.5369127516778524	1.0	0.08943089430894309	0.4166666666666667	1.0	0.08943089430894309	0.0966634991025235	1.0	0.4767897091722595
0.01596255414187908	1.0	0.1038961038961039	0.5369127516778524	1.0	0.0975609756097561	0.418848167539267	1.0	0.0975609756097561	0.10072853975293	1.0	0.4778804596085597
0.016236860305070877	1.0	0.1038961038961039	0.5369127516778524	1.0	0.0975609756097561	0.418848167539267	1.0	0.0975609756097561	0.10072853975293	1.0	0.4778804596085597
0.016236862167716026	1.0	0.1038961038961039	0.5369127516778524	1.0	0.10569105691056911	0.42105263157894735	1.0	0.1038961038961039	0.1047935804033365	1.0	0.47898269162839985
0.01743023283779621	1.0	0.1038961038961039	0.5369127516778524	1.0	0.10569105691056911	0.42105263157894735	1.0	0.1038961038961039	0.1047935804033365	1.0	0.47898269162839985
0.01743023470044136	1.0	0.11688311688311688	0.5405405405405406	1.0	0.10569105691056911	0.42105263157894735	1.0	0.10569105691056911	0.111287086896843	1.0	0.48079658605974396
0.017893657088279724	1.0	0.11688311688311688	0.5405405405405406	1.0	0.10569105691056911	0.42105263157894735	1.0	0.10569105691056911	0.111287086896843	1.0	0.48079658605974396
0.017893658950924873	1.0	0.11688311688311688	0.5405405405405406	1.0	0.11382113821138211	0.42328042328042326	1.0	0.11382113821138211	0.1153521275472495	1.0	0.4819104819104819
0.01882014237344265	1.0	0.11688311688311688	0.5405405405405406	1.0	0.11382113821138211	0.42328042328042326	1.0	0.11382113821138211	0.1153521275472495	1.0	0.4819104819104819
0.0188201442360878	1.0	0.11688311688311688	0.5405405405405406	1.0	0.12195121951219512	0.425531914893617	1.0	0.11688311688311688	0.11941716819765599	1.0	0.48303622771707877
0.019093260169029236	1.0	0.11688311688311688	0.5405405405405406	1.0	0.12195121951219512	0.425531914893617	1.0	0.11688311688311688	0.11941716819765599	1.0	0.48303622771707877
0.019093262031674385	1.0	0.12987012987012986	0.54421768707483	1.0	0.12195121951219512	0.425531914893617	1.0	0.12195121951219512	0.1259106746911625	1.0	0.48487480098422353
0.019313612952828407	1.0	0.12987012987012986	0.54421768707483	1.0	0.12195121951219512	0.425531914893617	1.0	0.12195121951219512	0.1259106746911625	1.0	0.48487480098422353
0.019313614815473557	1.0	0.12987012987012986	0.54421768707483	1.0	0.13008130081300814	0.42780748663101603	1.0	0.12987012987012986	0.129975715341569	1.0	0.48601258685292303
0.020183326676487923	1.0	0.12987012987012986	0.54421768707483	1.0	0.13008130081300814	0.42780748663101603	1.0	0.12987012987012986	0.129975715341569	1.0	0.48601258685292303
0.020183328539133072	1.0	0.12987012987012986	0.54421768707483	1.0	0.13821138211382114	0.43010752688172044	1.0	0.12987012987012986	0.1340407559919755	1.0	0.4871626069782752
0.021342463791370392	1.0	0.12987012987012986	0.54421768707483	1.0	0.13821138211382114	0.43010752688172044	1.0	0.12987012987012986	0.1340407559919755	1.0	0.4871626069782752
0.02134246565401554	1.0	0.12987012987012986	0.54421768707483	1.0	0.14634146341463414	0.43243243243243246	1.0	0.12987012987012986	0.13810579664238198	1.0	0.4883250597536312
0.023091590031981468	1.0	0.12987012987012986	0.54421768707483	1.0	0.14634146341463414	0.43243243243243246	1.0	0.12987012987012986	0.13810579664238198	1.0	0.4883250597536312
0.023091591894626617	1.0	0.12987012987012986	0.54421768707483	1.0	0.15447154471544716	0.43478260869565216	1.0	0.12987012987012986	0.1421708372927885	1.0	0.4895001478852411
0.023318974301218987	1.0	0.12987012987012986	0.54421768707483	1.0	0.15447154471544716	0.43478260869565216	1.0	0.12987012987012986	0.1421708372927885	1.0	0.4895001478852411
0.023318976163864136	1.0	0.12987012987012986	0.54421768707483	1.0	0.16260162601626016	0.4371584699453552	1.0	0.12987012987012986	0.146235877943195	1.0	0.49068807851009255
0.02416723407804966	1.0	0.12987012987012986	0.54421768707483	1.0	0.16260162601626016	0.4371584699453552	1.0	0.12987012987012986	0.146235877943195	1.0	0.49068807851009255
0.02416723594069481	1.0	0.14285714285714285	0.547945205479452	1.0	0.16260162601626016	0.4371584699453552	1.0	0.14285714285714285	0.1527293844367015	1.0	0.49255183771240363
0.02588965743780136	1.0	0.14285714285714285	0.547945205479452	1.0	0.16260162601626016	0.4371584699453552	1.0	0.14285714285714285	0.1527293844367015	1.0	0.49255183771240363
0.02588965930044651	1.0	0.15584415584415584	0.5517241379310345	1.0	0.16260162601626016	0.4371584699453552	1.0	0.15584415584415584	0.159222890930208	1.0	0.49444130393819485
0.026073548942804337	1.0	0.15584415584415584	0.5517241379310345	1.0	0.16260162601626016	0.4371584699453552	1.0	0.15584415584415584	0.159222890930208	1.0	0.49444130393819485
0.026073550805449486	1.0	0.15584415584415584	0.5517241379310345	1.0	0.17073170731707318	0.43956043956043955	1.0	0.15584415584415584	0.1632879315806145	1.0	0.495642288745737
0.026214061304926872	1.0	0.15584415584415584	0.5517241379310345	1.0	0.17073170731707318	0.43956043956043955	1.0	0.15584415584415584	0.1632879315806145	1.0	0.495642288745737
0.02621406316757202	1.0	0.15584415584415584	0.5517241379310345	0.975	0.17073170731707318	0.430939226519337	0.975	0.15584415584415584	0.1632879315806145	0.9875	0.49133168222518575
0.027103589847683907	1.0	0.15584415584415584	0.5517241379310345	0.975	0.17073170731707318	0.430939226519337	0.975	0.15584415584415584	0.1632879315806145	0.9875	0.49133168222518575
0.027103591710329056	1.0	0.15584415584415584	0.5517241379310345	0.975	0.17886178861788618	0.43333333333333335	0.975	0.15584415584415584	0.16735297223102102	0.9875	0.4925287356321839
0.02730407565832138	1.0	0.15584415584415584	0.5517241379310345	0.975	0.17886178861788618	0.43333333333333335	0.975	0.15584415584415584	0.16735297223102102	0.9875	0.4925287356321839
0.02730407752096653	1.0	0.15584415584415584	0.5517241379310345	0.975	0.18699186991869918	0.43575418994413406	0.975	0.15584415584415584	0.1714180128814275	0.9875	0.49373916393758427
0.027652623131871223	1.0	0.15584415584415584	0.5517241379310345	0.975	0.18699186991869918	0.43575418994413406	0.975	0.15584415584415584	0.1714180128814275	0.9875	0.49373916393758427
0.027652624994516373	1.0	0.16883116883116883	0.5555555555555556	0.975	0.18699186991869918	0.43575418994413406	0.975	0.16883116883116883	0.177911519374934	0.9875	0.4956548727498448
0.028012216091156006	1.0	0.16883116883116883	0.5555555555555556	0.975	0.18699186991869918	0.43575418994413406	0.975	0.16883116883116883	0.177911519374934	0.9875	0.4956548727498448
0.028012217953801155	1.0	0.16883116883116883	0.5555555555555556	0.975	0.1951219512195122	0.43820224719101125	0.975	0.16883116883116883	0.18197656002534052	0.9875	0.4968789013732834
0.028777915984392166	1.0	0.16883116883116883	0.5555555555555556	0.975	0.1951219512195122	0.43820224719101125	0.975	0.16883116883116883	0.18197656002534052	0.9875	0.4968789013732834
0.028777917847037315	1.0	0.16883116883116883	0.5555555555555556	0.975	0.2032520325203252	0.4406779661016949	0.975	0.16883116883116883	0.18604160067574702	0.9875	0.4981167608286252
0.02924734726548195	1.0	0.16883116883116883	0.5555555555555556	0.975	0.2032520325203252	0.4406779661016949	0.975	0.16883116883116883	0.18604160067574702	0.9875	0.4981167608286252
0.029247349128127098	1.0	0.16883116883116883	0.5555555555555556	0.975	0.21138211382113822	0.4431818181818182	0.975	0.16883116883116883	0.1901066413261535	0.9875	0.49936868686868685
0.029286403208971024	1.0	0.16883116883116883	0.5555555555555556	0.975	0.21138211382113822	0.4431818181818182	0.975	0.16883116883116883	0.1901066413261535	0.9875	0.49936868686868685
0.029286405071616173	1.0	0.16883116883116883	0.5555555555555556	0.975	0.21951219512195122	0.44571428571428573	0.975	0.16883116883116883	0.19417168197656004	0.9875	0.5006349206349207
0.029736949130892754	1.0	0.16883116883116883	0.5555555555555556	0.975	0.21951219512195122	0.44571428571428573	0.975	0.16883116883116883	0.19417168197656004	0.9875	0.5006349206349207
0.029736950993537903	1.0	0.16883116883116883	0.5555555555555556	0.975	0.22764227642276422	0.4482758620689655	0.975	0.16883116883116883	0.1982367226269665	0.9875	0.5019157088122606
0.030378432944417	1.0	0.16883116883116883	0.5555555555555556	0.975	0.22764227642276422	0.4482758620689655	0.975	0.16883116883116883	0.1982367226269665	0.9875	0.5019157088122606
0.03037843480706215	1.0	0.16883116883116883	0.5555555555555556	0.975	0.23577235772357724	0.4508670520231214	0.975	0.16883116883116883	0.20230176327737304	0.9875	0.5032113037893384
0.030886676162481308	1.0	0.16883116883116883	0.5555555555555556	0.975	0.23577235772357724	0.4508670520231214	0.975	0.16883116883116883	0.20230176327737304	0.9875	0.5032113037893384
0.030886678025126457	1.0	0.16883116883116883	0.5555555555555556	0.975	0.24390243902439024	0.45348837209302323	0.975	0.16883116883116883	0.20636680392777954	0.9875	0.5045219638242894
0.03305864706635475	1.0	0.16883116883116883	0.5555555555555556	0.975	0.24390243902439024	0.45348837209302323	0.975	0.16883116883116883	0.20636680392777954	0.9875	0.5045219638242894
0.03305865079164505	1.0	0.16883116883116883	0.5555555555555556	0.975	0.25203252032520324	0.45614035087719296	0.975	0.16883116883116883	0.21043184457818603	0.9875	0.5058479532163742
0.03322412818670273	1.0	0.16883116883116883	0.5555555555555556	0.975	0.25203252032520324	0.45614035087719296	0.975	0.16883116883116883	0.21043184457818603	0.9875	0.5058479532163742
0.03322413191199303	1.0	0.16883116883116883	0.5555555555555556	0.975	0.2601626016260163	0.4588235294117647	0.975	0.16883116883116883	0.21449688522859256	0.9875	0.5071895424836601
0.033462248742580414	1.0	0.16883116883116883	0.5555555555555556	0.975	0.2601626016260163	0.4588235294117647	0.975	0.16883116883116883	0.21449688522859256	0.9875	0.5071895424836601
0.03346225246787071	1.0	0.16883116883116883	0.5555555555555556	0.975	0.2682926829268293	0.46153846153846156	0.975	0.16883116883116883	0.21856192587899906	0.9875	0.5085470085470085
0.03354816511273384	1.0	0.16883116883116883	0.5555555555555556	0.975	0.2682926829268293	0.46153846153846156	0.975	0.16883116883116883	0.21856192587899906	0.9875	0.5085470085470085
0.03354816883802414	1.0	0.18181818181818182	0.5594405594405595	0.975	0.2682926829268293	0.46153846153846156	0.975	0.18181818181818182	0.22505543237250555	0.9875	0.5104895104895105
0.033760491758584976	1.0	0.18181818181818182	0.5594405594405595	0.975	0.2682926829268293	0.46153846153846156	0.975	0.18181818181818182	0.22505543237250555	0.9875	0.5104895104895105
0.033760495483875275	1.0	0.18181818181818182	0.5594405594405595	0.975	0.2764227642276423	0.4642857142857143	0.975	0.18181818181818182	0.22912047302291205	0.9875	0.5118631368631369
0.033771149814128876	1.0	0.18181818181818182	0.5594405594405595	0.975	0.2764227642276423	0.4642857142857143	0.975	0.18181818181818182	0.22912047302291205	0.9875	0.5118631368631369
0.033771153539419174	1.0	0.18181818181818182	0.5594405594405595	0.975	0.2845528455284553	0.46706586826347307	0.975	0.18181818181818182	0.23318551367331855	0.9875	0.5132532138520163
0.033902280032634735	1.0	0.18181818181818182	0.5594405594405595	0.975	0.2845528455284553	0.46706586826347307	0.975	0.18181818181818182	0.23318551367331855	0.9875	0.5132532138520163
0.033902283757925034	1.0	0.18181818181818182	0.5594405594405595	0.95	0.2845528455284553	0.4578313253012048	0.95	0.18181818181818182	0.23318551367331855	0.975	0.5086359423708822
0.034300547093153	1.0	0.18181818181818182	0.5594405594405595	0.95	0.2845528455284553	0.4578313253012048	0.95	0.18181818181818182	0.23318551367331855	0.975	0.5086359423708822
0.0343005508184433	1.0	0.18181818181818182	0.5594405594405595	0.95	0.2926829268292683	0.46060606060606063	0.95	0.18181818181818182	0.23725055432372505	0.975	0.51002331002331
0.03930326923727989	1.0	0.18181818181818182	0.5594405594405595	0.95	0.2926829268292683	0.46060606060606063	0.95	0.18181818181818182	0.23725055432372505	0.975	0.51002331002331
0.03930327296257019	1.0	0.18181818181818182	0.5594405594405595	0.925	0.2926829268292683	0.45121951219512196	0.925	0.18181818181818182	0.23725055432372505	0.9625	0.5053300358178408
0.040049053728580475	1.0	0.18181818181818182	0.5594405594405595	0.925	0.2926829268292683	0.45121951219512196	0.925	0.18181818181818182	0.23725055432372505	0.9625	0.5053300358178408
0.04004905745387077	1.0	0.18181818181818182	0.5594405594405595	0.925	0.3008130081300813	0.4539877300613497	0.925	0.18181818181818182	0.24131559497413158	0.9625	0.5067141447509546
0.04129284247756004	1.0	0.18181818181818182	0.5594405594405595	0.925	0.3008130081300813	0.4539877300613497	0.925	0.18181818181818182	0.24131559497413158	0.9625	0.5067141447509546
0.04129284620285034	1.0	0.18181818181818182	0.5594405594405595	0.925	0.3089430894308943	0.4567901234567901	0.925	0.18181818181818182	0.24538063562453807	0.9625	0.5081153414486748
0.04230885207653046	1.0	0.18181818181818182	0.5594405594405595	0.925	0.3089430894308943	0.4567901234567901	0.925	0.18181818181818182	0.24538063562453807	0.9625	0.5081153414486748
0.042308855801820755	1.0	0.18181818181818182	0.5594405594405595	0.925	0.3170731707317073	0.45962732919254656	0.925	0.18181818181818182	0.24944567627494457	0.9625	0.509533944316553
0.04309981316328049	1.0	0.18181818181818182	0.5594405594405595	0.925	0.3170731707317073	0.45962732919254656	0.925	0.18181818181818182	0.24944567627494457	0.9625	0.509533944316553
0.043099816888570786	1.0	0.18181818181818182	0.5594405594405595	0.925	0.3252032520325203	0.4625	0.925	0.18181818181818182	0.2535107169253511	0.9625	0.5109702797202798
0.04547475278377533	1.0	0.18181818181818182	0.5594405594405595	0.925	0.3252032520325203	0.4625	0.925	0.18181818181818182	0.2535107169253511	0.9625	0.5109702797202798
0.04547475650906563	1.0	0.18181818181818182	0.5594405594405595	0.925	0.3333333333333333	0.46540880503144655	0.925	0.18181818181818182	0.25757575757575757	0.9625	0.512424682236003
0.04603193700313568	1.0	0.18181818181818182	0.5594405594405595	0.925	0.3333333333333333	0.46540880503144655	0.925	0.18181818181818182	0.25757575757575757	0.9625	0.512424682236003
0.04603194072842598	1.0	0.18181818181818182	0.5594405594405595	0.925	0.34146341463414637	0.46835443037974683	0.925	0.18181818181818182	0.2616407982261641	0.9625	0.5138974949101531
0.046755678951740265	1.0	0.18181818181818182	0.5594405594405595	0.925	0.34146341463414637	0.46835443037974683	0.925	0.18181818181818182	0.2616407982261641	0.9625	0.5138974949101531
0.04675568267703056	1.0	0.19480519480519481	0.5633802816901409	0.925	0.34146341463414637	0.46835443037974683	0.925	0.19480519480519481	0.2681343047196706	0.9625	0.5158673560349438
0.04680636525154114	1.0	0.19480519480519481	0.5633802816901409	0.925	0.34146341463414637	0.46835443037974683	0.925	0.19480519480519481	0.2681343047196706	0.9625	0.5158673560349438
0.046806368976831436	1.0	0.19480519480519481	0.5633802816901409	0.925	0.34959349593495936	0.4713375796178344	0.925	0.19480519480519481	0.27219934537007706	0.9625	0.5173589306539876
0.04870966449379921	1.0	0.19480519480519481	0.5633802816901409	0.925	0.34959349593495936	0.4713375796178344	0.925	0.19480519480519481	0.27219934537007706	0.9625	0.5173589306539876
0.04870966821908951	1.0	0.19480519480519481	0.5633802816901409	0.925	0.35772357723577236	0.47435897435897434	0.925	0.19480519480519481	0.2762643860204836	0.9625	0.5188696280245576
0.05161281302571297	1.0	0.19480519480519481	0.5633802816901409	0.925	0.35772357723577236	0.47435897435897434	0.925	0.19480519480519481	0.2762643860204836	0.9625	0.5188696280245576
0.051612816751003265	1.0	0.19480519480519481	0.5633802816901409	0.925	0.36585365853658536	0.4774193548387097	0.925	0.19480519480519481	0.2803294266708901	0.9625	0.5203998182644253
0.053236011415719986	1.0	0.19480519480519481	0.5633802816901409	0.925	0.36585365853658536	0.4774193548387097	0.925	0.19480519480519481	0.2803294266708901	0.9625	0.5203998182644253
0.053236015141010284	1.0	0.19480519480519481	0.5633802816901409	0.925	0.37398373983739835	0.4805194805194805	0.925	0.19480519480519481	0.2843944673212966	0.9625	0.5219498811048107
0.05343949422240257	1.0	0.19480519480519481	0.5633802816901409	0.925	0.37398373983739835	0.4805194805194805	0.925	0.19480519480519481	0.2843944673212966	0.9625	0.5219498811048107
0.05343949794769287	1.0	0.2077922077922078	0.5673758865248227	0.925	0.37398373983739835	0.4805194805194805	0.925	0.2077922077922078	0.2908879738148031	0.9625	0.5239476835221516
0.05474656820297241	1.0	0.2077922077922078	0.5673758865248227	0.925	0.37398373983739835	0.4805194805194805	0.925	0.2077922077922078	0.2908879738148031	0.9625	0.5239476835221516
0.05474657192826271	1.0	0.2077922077922078	0.5673758865248227	0.925	0.3821138211382114	0.48366013071895425	0.925	0.2077922077922078	0.2949530144652096	0.9625	0.5255180086218885
0.05649040266871452	1.0	0.2077922077922078	0.5673758865248227	0.925	0.3821138211382114	0.48366013071895425	0.925	0.2077922077922078	0.2949530144652096	0.9625	0.5255180086218885
0.05649040639400482	1.0	0.2077922077922078	0.5673758865248227	0.925	0.3902439024390244	0.4868421052631579	0.925	0.2077922077922078	0.2990180551156161	0.9625	0.5271089958939903
0.058779411017894745	1.0	0.2077922077922078	0.5673758865248227	0.925	0.3902439024390244	0.4868421052631579	0.925	0.2077922077922078	0.2990180551156161	0.9625	0.5271089958939903
0.05877941474318504	1.0	0.22077922077922077	0.5714285714285714	0.925	0.3902439024390244	0.4868421052631579	0.925	0.22077922077922077	0.3055115616091226	0.9625	0.5291353383458647
0.0598430298268795	1.0	0.22077922077922077	0.5714285714285714	0.925	0.3902439024390244	0.4868421052631579	0.925	0.22077922077922077	0.3055115616091226	0.9625	0.5291353383458647
0.0598430335521698	1.0	0.22077922077922077	0.5714285714285714	0.925	0.3983739837398374	0.4900662251655629	0.925	0.22077922077922077	0.3095766022595291	0.9625	0.5307473982970672
0.06004916504025459	1.0	0.22077922077922077	0.5714285714285714	0.925	0.3983739837398374	0.4900662251655629	0.925	0.22077922077922077	0.3095766022595291	0.9625	0.5307473982970672
0.06004916876554489	1.0	0.22077922077922077	0.5714285714285714	0.925	0.4065040650406504	0.49333333333333335	0.925	0.22077922077922077	0.31364164290993557	0.9625	0.5323809523809524
0.06377343088388443	1.0	0.22077922077922077	0.5714285714285714	0.925	0.4065040650406504	0.49333333333333335	0.925	0.22077922077922077	0.31364164290993557	0.9625	0.5323809523809524
0.06377343833446503	1.0	0.22077922077922077	0.5714285714285714	0.925	0.4146341463414634	0.4966442953020134	0.925	0.22077922077922077	0.3177066835603421	0.9625	0.5340364333652924
0.06379964202642441	1.0	0.22077922077922077	0.5714285714285714	0.925	0.4146341463414634	0.4966442953020134	0.925	0.22077922077922077	0.3177066835603421	0.9625	0.5340364333652924
0.063799649477005	0.975	0.22077922077922077	0.5611510791366906	0.925	0.4146341463414634	0.4966442953020134	0.925	0.22077922077922077	0.3177066835603421	0.95	0.528897687219352
0.0652499571442604	0.975	0.22077922077922077	0.5611510791366906	0.925	0.4146341463414634	0.4966442953020134	0.925	0.22077922077922077	0.3177066835603421	0.95	0.528897687219352
0.065249964594841	0.975	0.22077922077922077	0.5611510791366906	0.925	0.42276422764227645	0.5	0.925	0.22077922077922077	0.3217717242107486	0.95	0.5305755395683454
0.06667353957891464	0.975	0.22077922077922077	0.5611510791366906	0.925	0.42276422764227645	0.5	0.925	0.22077922077922077	0.3217717242107486	0.95	0.5305755395683454
0.06667354702949524	0.975	0.22077922077922077	0.5611510791366906	0.925	0.43089430894308944	0.5034013605442177	0.925	0.22077922077922077	0.3258367648611551	0.95	0.5322762198404541
0.06722688674926758	0.975	0.22077922077922077	0.5611510791366906	0.925	0.43089430894308944	0.5034013605442177	0.925	0.22077922077922077	0.3258367648611551	0.95	0.5322762198404541
0.06722689419984818	0.975	0.23376623376623376	0.5652173913043478	0.925	0.43089430894308944	0.5034013605442177	0.925	0.23376623376623376	0.3323302713546616	0.95	0.5343093759242827
0.06993936002254486	0.975	0.23376623376623376	0.5652173913043478	0.925	0.43089430894308944	0.5034013605442177	0.925	0.23376623376623376	0.3323302713546616	0.95	0.5343093759242827
0.06993936747312546	0.975	0.23376623376623376	0.5652173913043478	0.9	0.43089430894308944	0.4931506849315068	0.9	0.23376623376623376	0.3323302713546616	0.9375	0.5291840381179274
0.07554703950881958	0.975	0.23376623376623376	0.5652173913043478	0.9	0.43089430894308944	0.4931506849315068	0.9	0.23376623376623376	0.3323302713546616	0.9375	0.5291840381179274
0.07554704695940018	0.975	0.23376623376623376	0.5652173913043478	0.9	0.43902439024390244	0.496551724137931	0.9	0.23376623376623376	0.3363953120050681	0.9375	0.5308845577211394
0.07604602724313736	0.975	0.23376623376623376	0.5652173913043478	0.9	0.43902439024390244	0.496551724137931	0.9	0.23376623376623376	0.3363953120050681	0.9375	0.5308845577211394
0.07604603469371796	0.975	0.24675324675324675	0.5693430656934306	0.9	0.43902439024390244	0.496551724137931	0.9	0.24675324675324675	0.3428888184985746	0.9375	0.5329473949156809
0.07622884213924408	0.975	0.24675324675324675	0.5693430656934306	0.9	0.43902439024390244	0.496551724137931	0.9	0.24675324675324675	0.3428888184985746	0.9375	0.5329473949156809
0.07622884958982468	0.975	0.24675324675324675	0.5693430656934306	0.9	0.44715447154471544	0.5	0.9	0.24675324675324675	0.3469538591489811	0.9375	0.5346715328467153
0.0774187296628952	0.975	0.24675324675324675	0.5693430656934306	0.9	0.44715447154471544	0.5	0.9	0.24675324675324675	0.3469538591489811	0.9375	0.5346715328467153
0.0774187371134758	0.975	0.2597402597402597	0.5735294117647058	0.9	0.44715447154471544	0.5	0.9	0.2597402597402597	0.3534473656424876	0.9375	0.5367647058823529
0.0795612707734108	0.975	0.2597402597402597	0.5735294117647058	0.9	0.44715447154471544	0.5	0.9	0.2597402597402597	0.3534473656424876	0.9375	0.5367647058823529
0.0795612782239914	0.975	0.2597402597402597	0.5735294117647058	0.9	0.45528455284552843	0.5034965034965035	0.9	0.2597402597402597	0.35751240629289405	0.9375	0.5385129576306047
0.08560222387313843	0.975	0.2597402597402597	0.5735294117647058	0.9	0.45528455284552843	0.5034965034965035	0.9	0.2597402597402597	0.35751240629289405	0.9375	0.5385129576306047
0.08560223132371902	0.975	0.2727272727272727	0.5777777777777777	0.9	0.45528455284552843	0.5034965034965035	0.9	0.2727272727272727	0.3640059127864006	0.9375	0.5406371406371406
0.08611041307449341	0.975	0.2727272727272727	0.5777777777777777	0.9	0.45528455284552843	0.5034965034965035	0.9	0.2727272727272727	0.3640059127864006	0.9375	0.5406371406371406
0.086110420525074	0.975	0.2727272727272727	0.5777777777777777	0.9	0.4634146341463415	0.5070422535211268	0.9	0.2727272727272727	0.36807095343680707	0.9375	0.5424100156494522
0.08724348992109299	0.975	0.2727272727272727	0.5777777777777777	0.9	0.4634146341463415	0.5070422535211268	0.9	0.2727272727272727	0.36807095343680707	0.9375	0.5424100156494522
0.08724349737167358	0.975	0.2727272727272727	0.5777777777777777	0.9	0.4715447154471545	0.5106382978723404	0.9	0.2727272727272727	0.3721359940872136	0.9375	0.5442080378250591
0.08727941662073135	0.975	0.2727272727272727	0.5777777777777777	0.9	0.4715447154471545	0.5106382978723404	0.9	0.2727272727272727	0.3721359940872136	0.9375	0.5442080378250591
0.08727942407131195	0.975	0.2727272727272727	0.5777777777777777	0.9	0.4796747967479675	0.5142857142857142	0.9	0.2727272727272727	0.3762010347376201	0.9375	0.546031746031746
0.08745734393596649	0.975	0.2727272727272727	0.5777777777777777	0.9	0.4796747967479675	0.5142857142857142	0.9	0.2727272727272727	0.3762010347376201	0.9375	0.546031746031746
0.08745735138654709	0.975	0.2727272727272727	0.5777777777777777	0.9	0.4878048780487805	0.5179856115107914	0.9	0.2727272727272727	0.3802660753880266	0.9375	0.5478816946442846
0.08834020048379898	0.975	0.2727272727272727	0.5777777777777777	0.9	0.4878048780487805	0.5179856115107914	0.9	0.2727272727272727	0.3802660753880266	0.9375	0.5478816946442846
0.08834020793437958	0.975	0.2857142857142857	0.582089552238806	0.9	0.4878048780487805	0.5179856115107914	0.9	0.2857142857142857	0.3867595818815331	0.9375	0.5500375818747987
0.08970227837562561	0.975	0.2857142857142857	0.582089552238806	0.9	0.4878048780487805	0.5179856115107914	0.9	0.2857142857142857	0.3867595818815331	0.9375	0.5500375818747987
0.08970228582620621	0.975	0.2857142857142857	0.582089552238806	0.9	0.4959349593495935	0.5217391304347826	0.9	0.2857142857142857	0.3908246225319396	0.9375	0.5519143413367943
0.09050751477479935	0.975	0.2857142857142857	0.582089552238806	0.9	0.4959349593495935	0.5217391304347826	0.9	0.2857142857142857	0.3908246225319396	0.9375	0.5519143413367943
0.09050752222537994	0.975	0.2987012987012987	0.5864661654135338	0.9	0.4959349593495935	0.5217391304347826	0.9	0.2987012987012987	0.39731812902544605	0.9375	0.5541026479241582
0.090643011033535	0.975	0.2987012987012987	0.5864661654135338	0.9	0.4959349593495935	0.5217391304347826	0.9	0.2987012987012987	0.39731812902544605	0.9375	0.5541026479241582
0.0906430184841156	0.975	0.2987012987012987	0.5864661654135338	0.9	0.5040650406504065	0.5255474452554745	0.9	0.2987012987012987	0.4013831696758526	0.9375	0.5560068053345042
0.09272359311580658	0.975	0.2987012987012987	0.5864661654135338	0.9	0.5040650406504065	0.5255474452554745	0.9	0.2987012987012987	0.4013831696758526	0.9375	0.5560068053345042
0.09272360056638718	0.975	0.3116883116883117	0.5909090909090909	0.9	0.5040650406504065	0.5255474452554745	0.9	0.3116883116883117	0.4078766761693591	0.9375	0.5582282680822828
0.09406841546297073	0.975	0.3116883116883117	0.5909090909090909	0.9	0.5040650406504065	0.5255474452554745	0.9	0.3116883116883117	0.4078766761693591	0.9375	0.5582282680822828
0.09406842291355133	0.95	0.3116883116883117	0.5801526717557252	0.9	0.5040650406504065	0.5255474452554745	0.9	0.3116883116883117	0.4078766761693591	0.925	0.5528500585055998
0.09685655683279037	0.95	0.3116883116883117	0.5801526717557252	0.9	0.5040650406504065	0.5255474452554745	0.9	0.3116883116883117	0.4078766761693591	0.925	0.5528500585055998
0.09685656428337097	0.95	0.3246753246753247	0.5846153846153846	0.9	0.5040650406504065	0.5255474452554745	0.9	0.3246753246753247	0.41437018266286557	0.925	0.5550814149354295
0.09736939519643784	0.95	0.3246753246753247	0.5846153846153846	0.9	0.5040650406504065	0.5255474452554745	0.9	0.3246753246753247	0.41437018266286557	0.925	0.5550814149354295
0.09736940264701843	0.95	0.3246753246753247	0.5846153846153846	0.9	0.5121951219512195	0.5294117647058824	0.9	0.3246753246753247	0.4184352233132721	0.925	0.5570135746606335
0.1018546000123024	0.95	0.3246753246753247	0.5846153846153846	0.9	0.5121951219512195	0.5294117647058824	0.9	0.3246753246753247	0.4184352233132721	0.925	0.5570135746606335
0.101854607462883	0.95	0.3246753246753247	0.5846153846153846	0.9	0.5203252032520326	0.5333333333333333	0.9	0.3246753246753247	0.4225002639636786	0.925	0.558974358974359
0.10450513660907745	0.95	0.3246753246753247	0.5846153846153846	0.9	0.5203252032520326	0.5333333333333333	0.9	0.3246753246753247	0.4225002639636786	0.925	0.558974358974359
0.10450514405965805	0.925	0.3246753246753247	0.5736434108527132	0.9	0.5203252032520326	0.5333333333333333	0.9	0.3246753246753247	0.4225002639636786	0.9125000000000001	0.5534883720930233
0.1050230860710144	0.925	0.3246753246753247	0.5736434108527132	0.9	0.5203252032520326	0.5333333333333333	0.9	0.3246753246753247	0.4225002639636786	0.9125000000000001	0.5534883720930233
0.105023093521595	0.925	0.3246753246753247	0.5736434108527132	0.9	0.5284552845528455	0.5373134328358209	0.9	0.3246753246753247	0.4265653046140851	0.9125000000000001	0.555478421844267
0.10518630594015121	0.925	0.3246753246753247	0.5736434108527132	0.9	0.5284552845528455	0.5373134328358209	0.9	0.3246753246753247	0.4265653046140851	0.9125000000000001	0.555478421844267
0.10518631339073181	0.925	0.3246753246753247	0.5736434108527132	0.9	0.5365853658536586	0.5413533834586466	0.9	0.3246753246753247	0.4306303452644916	0.9125000000000001	0.55749839715568
0.1055581122636795	0.925	0.3246753246753247	0.5736434108527132	0.9	0.5365853658536586	0.5413533834586466	0.9	0.3246753246753247	0.4306303452644916	0.9125000000000001	0.55749839715568
0.1055581197142601	0.925	0.3246753246753247	0.5736434108527132	0.875	0.5365853658536586	0.5303030303030303	0.875	0.3246753246753247	0.4306303452644916	0.9	0.5519732205778718
0.10860559344291687	0.925	0.3246753246753247	0.5736434108527132	0.875	0.5365853658536586	0.5303030303030303	0.875	0.3246753246753247	0.4306303452644916	0.9	0.5519732205778718
0.10860560089349747	0.925	0.3246753246753247	0.5736434108527132	0.875	0.5447154471544715	0.5343511450381679	0.875	0.3246753246753247	0.4346953859148981	0.9	0.5539972779454405
0.11240444332361221	0.925	0.3246753246753247	0.5736434108527132	0.875	0.5447154471544715	0.5343511450381679	0.875	0.3246753246753247	0.4346953859148981	0.9	0.5539972779454405
0.11240445077419281	0.925	0.3246753246753247	0.5736434108527132	0.875	0.5528455284552846	0.5384615384615384	0.875	0.3246753246753247	0.4387604265653046	0.9	0.5560524746571258
0.11251309514045715	0.925	0.3246753246753247	0.5736434108527132	0.875	0.5528455284552846	0.5384615384615384	0.875	0.3246753246753247	0.4387604265653046	0.9	0.5560524746571258
0.11251310259103775	0.925	0.3246753246753247	0.5736434108527132	0.875	0.5609756097560976	0.5426356589147286	0.875	0.3246753246753247	0.44282546721571114	0.9	0.5581395348837209
0.11252252012491226	0.925	0.3246753246753247	0.5736434108527132	0.875	0.5609756097560976	0.5426356589147286	0.875	0.3246753246753247	0.44282546721571114	0.9	0.5581395348837209
0.11252252757549286	0.925	0.33766233766233766	0.578125	0.875	0.5609756097560976	0.5426356589147286	0.875	0.33766233766233766	0.44931897370921764	0.9	0.5603803294573644
0.11524629592895508	0.925	0.33766233766233766	0.578125	0.875	0.5609756097560976	0.5426356589147286	0.875	0.33766233766233766	0.44931897370921764	0.9	0.5603803294573644
0.11524630337953568	0.925	0.33766233766233766	0.578125	0.875	0.5691056910569106	0.546875	0.875	0.33766233766233766	0.4533840143596241	0.9	0.5625
0.11564211547374725	0.925	0.33766233766233766	0.578125	0.875	0.5691056910569106	0.546875	0.875	0.33766233766233766	0.4533840143596241	0.9	0.5625
0.11564212292432785	0.925	0.35064935064935066	0.5826771653543307	0.875	0.5691056910569106	0.546875	0.875	0.35064935064935066	0.4598775208531306	0.9	0.5647760826771653
0.11648289859294891	0.925	0.35064935064935066	0.5826771653543307	0.875	0.5691056910569106	0.546875	0.875	0.35064935064935066	0.4598775208531306	0.9	0.5647760826771653
0.11648290604352951	0.925	0.35064935064935066	0.5826771653543307	0.875	0.5772357723577236	0.5511811023622047	0.875	0.35064935064935066	0.46394256150353713	0.9	0.5669291338582677
0.11699317395687103	0.925	0.35064935064935066	0.5826771653543307	0.875	0.5772357723577236	0.5511811023622047	0.875	0.35064935064935066	0.46394256150353713	0.9	0.5669291338582677
0.11699318140745163	0.925	0.35064935064935066	0.5826771653543307	0.85	0.5772357723577236	0.5396825396825397	0.85	0.35064935064935066	0.46394256150353713	0.8875	0.5611798525184352
0.11865727603435516	0.925	0.35064935064935066	0.5826771653543307	0.85	0.5772357723577236	0.5396825396825397	0.85	0.35064935064935066	0.46394256150353713	0.8875	0.5611798525184352
0.11865728348493576	0.925	0.36363636363636365	0.5873015873015873	0.85	0.5772357723577236	0.5396825396825397	0.85	0.36363636363636365	0.4704360679970436	0.8875	0.5634920634920635
0.12360907346010208	0.925	0.36363636363636365	0.5873015873015873	0.85	0.5772357723577236	0.5396825396825397	0.85	0.36363636363636365	0.4704360679970436	0.8875	0.5634920634920635
0.12360908091068268	0.925	0.36363636363636365	0.5873015873015873	0.85	0.5853658536585366	0.544	0.85	0.36363636363636365	0.4745011086474501	0.8875	0.5656507936507937
0.12718576192855835	0.925	0.36363636363636365	0.5873015873015873	0.85	0.5853658536585366	0.544	0.85	0.36363636363636365	0.4745011086474501	0.8875	0.5656507936507937
0.12718577682971954	0.925	0.37662337662337664	0.592	0.85	0.5853658536585366	0.544	0.85	0.37662337662337664	0.4809946151409566	0.8875	0.5680000000000001
0.12770578265190125	0.925	0.37662337662337664	0.592	0.85	0.5853658536585366	0.544	0.85	0.37662337662337664	0.4809946151409566	0.8875	0.5680000000000001
0.12770579755306244	0.925	0.38961038961038963	0.5967741935483871	0.85	0.5853658536585366	0.544	0.85	0.38961038961038963	0.4874881216344631	0.8875	0.5703870967741935
0.12904904782772064	0.925	0.38961038961038963	0.5967741935483871	0.85	0.5853658536585366	0.544	0.85	0.38961038961038963	0.4874881216344631	0.8875	0.5703870967741935
0.12904906272888184	0.925	0.38961038961038963	0.5967741935483871	0.85	0.5934959349593496	0.5483870967741935	0.85	0.38961038961038963	0.4915531622848696	0.8875	0.5725806451612903
0.12956365942955017	0.925	0.38961038961038963	0.5967741935483871	0.85	0.5934959349593496	0.5483870967741935	0.85	0.38961038961038963	0.4915531622848696	0.8875	0.5725806451612903
0.12956367433071136	0.925	0.38961038961038963	0.5967741935483871	0.85	0.6016260162601627	0.5528455284552846	0.85	0.38961038961038963	0.49561820293527614	0.8875	0.5748098610018358
0.12960904836654663	0.925	0.38961038961038963	0.5967741935483871	0.85	0.6016260162601627	0.5528455284552846	0.85	0.38961038961038963	0.49561820293527614	0.8875	0.5748098610018358
0.12960906326770782	0.925	0.38961038961038963	0.5967741935483871	0.85	0.6097560975609756	0.5573770491803278	0.85	0.38961038961038963	0.4996832435856826	0.8875	0.5770756213643575
0.1299731284379959	0.925	0.38961038961038963	0.5967741935483871	0.85	0.6097560975609756	0.5573770491803278	0.85	0.38961038961038963	0.4996832435856826	0.8875	0.5770756213643575
0.1299731433391571	0.925	0.38961038961038963	0.5967741935483871	0.85	0.6178861788617886	0.5619834710743802	0.85	0.38961038961038963	0.5037482842360892	0.8875	0.5793788323113837
0.13121527433395386	0.925	0.38961038961038963	0.5967741935483871	0.85	0.6178861788617886	0.5619834710743802	0.85	0.38961038961038963	0.5037482842360892	0.8875	0.5793788323113837
0.13121528923511505	0.925	0.38961038961038963	0.5967741935483871	0.85	0.6260162601626016	0.5666666666666667	0.85	0.38961038961038963	0.5078133248864956	0.8875	0.5817204301075269
0.1352781057357788	0.925	0.38961038961038963	0.5967741935483871	0.85	0.6260162601626016	0.5666666666666667	0.85	0.38961038961038963	0.5078133248864956	0.8875	0.5817204301075269
0.13527812063694	0.925	0.4025974025974026	0.6016260162601627	0.85	0.6260162601626016	0.5666666666666667	0.85	0.4025974025974026	0.5143068313800021	0.8875	0.5841463414634147
0.13609397411346436	0.925	0.4025974025974026	0.6016260162601627	0.85	0.6260162601626016	0.5666666666666667	0.85	0.4025974025974026	0.5143068313800021	0.8875	0.5841463414634147
0.13609398901462555	0.925	0.4155844155844156	0.6065573770491803	0.85	0.6260162601626016	0.5666666666666667	0.85	0.4155844155844156	0.5208003378735087	0.8875	0.5866120218579235
0.1367730051279068	0.925	0.4155844155844156	0.6065573770491803	0.85	0.6260162601626016	0.5666666666666667	0.85	0.4155844155844156	0.5208003378735087	0.8875	0.5866120218579235
0.136773020029068	0.925	0.4155844155844156	0.6065573770491803	0.85	0.6341463414634146	0.5714285714285714	0.85	0.4155844155844156	0.5248653785239151	0.8875	0.5889929742388759
0.1379818469285965	0.925	0.4155844155844156	0.6065573770491803	0.85	0.6341463414634146	0.5714285714285714	0.85	0.4155844155844156	0.5248653785239151	0.8875	0.5889929742388759
0.1379818618297577	0.925	0.42857142857142855	0.6115702479338843	0.85	0.6341463414634146	0.5714285714285714	0.85	0.42857142857142855	0.5313588850174216	0.8875	0.5914994096812278
0.13877151906490326	0.925	0.42857142857142855	0.6115702479338843	0.85	0.6341463414634146	0.5714285714285714	0.85	0.42857142857142855	0.5313588850174216	0.8875	0.5914994096812278
0.13877153396606445	0.925	0.44155844155844154	0.6166666666666667	0.85	0.6341463414634146	0.5714285714285714	0.85	0.44155844155844154	0.5378523915109281	0.8875	0.594047619047619
0.13987478613853455	0.925	0.44155844155844154	0.6166666666666667	0.85	0.6341463414634146	0.5714285714285714	0.85	0.44155844155844154	0.5378523915109281	0.8875	0.594047619047619
0.13987480103969574	0.925	0.44155844155844154	0.6166666666666667	0.85	0.6422764227642277	0.576271186440678	0.85	0.44155844155844154	0.5419174321613346	0.8875	0.5964689265536723
0.142055481672287	0.925	0.44155844155844154	0.6166666666666667	0.85	0.6422764227642277	0.576271186440678	0.85	0.44155844155844154	0.5419174321613346	0.8875	0.5964689265536723
0.14205549657344818	0.925	0.45454545454545453	0.6218487394957983	0.85	0.6422764227642277	0.576271186440678	0.85	0.45454545454545453	0.5484109386548411	0.8875	0.5990599629682382
0.1431064009666443	0.925	0.45454545454545453	0.6218487394957983	0.85	0.6422764227642277	0.576271186440678	0.85	0.45454545454545453	0.5484109386548411	0.8875	0.5990599629682382
0.14310641586780548	0.925	0.45454545454545453	0.6218487394957983	0.85	0.6504065040650406	0.5811965811965812	0.85	0.45454545454545453	0.5524759793052476	0.8875	0.6015226603461898
0.14525243639945984	0.925	0.45454545454545453	0.6218487394957983	0.85	0.6504065040650406	0.5811965811965812	0.85	0.45454545454545453	0.5524759793052476	0.8875	0.6015226603461898
0.14525245130062103	0.925	0.45454545454545453	0.6218487394957983	0.85	0.6585365853658537	0.5862068965517241	0.85	0.45454545454545453	0.5565410199556541	0.8875	0.6040278180237613
0.14593440294265747	0.925	0.45454545454545453	0.6218487394957983	0.85	0.6585365853658537	0.5862068965517241	0.85	0.45454545454545453	0.5565410199556541	0.8875	0.6040278180237613
0.14593441784381866	0.9	0.45454545454545453	0.6101694915254238	0.85	0.6585365853658537	0.5862068965517241	0.85	0.45454545454545453	0.5565410199556541	0.875	0.5981881940385739
0.14753170311450958	0.9	0.45454545454545453	0.6101694915254238	0.85	0.6585365853658537	0.5862068965517241	0.85	0.45454545454545453	0.5565410199556541	0.875	0.5981881940385739
0.14753171801567078	0.9	0.45454545454545453	0.6101694915254238	0.85	0.6666666666666666	0.591304347826087	0.85	0.45454545454545453	0.5606060606060606	0.875	0.6007369196757554
0.15445277094841003	0.9	0.45454545454545453	0.6101694915254238	0.85	0.6666666666666666	0.591304347826087	0.85	0.45454545454545453	0.5606060606060606	0.875	0.6007369196757554
0.15445278584957123	0.9	0.45454545454545453	0.6101694915254238	0.85	0.6747967479674797	0.5964912280701754	0.85	0.45454545454545453	0.5646711012564671	0.875	0.6033303597977996
0.15487276017665863	0.9	0.45454545454545453	0.6101694915254238	0.85	0.6747967479674797	0.5964912280701754	0.85	0.45454545454545453	0.5646711012564671	0.875	0.6033303597977996
0.15487277507781982	0.9	0.45454545454545453	0.6101694915254238	0.85	0.6829268292682927	0.6017699115044248	0.85	0.45454545454545453	0.5687361419068736	0.875	0.6059697015149244
0.15718750655651093	0.9	0.45454545454545453	0.6101694915254238	0.85	0.6829268292682927	0.6017699115044248	0.85	0.45454545454545453	0.5687361419068736	0.875	0.6059697015149244
0.15718752145767212	0.9	0.45454545454545453	0.6101694915254238	0.85	0.6910569105691057	0.6071428571428571	0.85	0.45454545454545453	0.5728011825572801	0.875	0.6086561743341404
0.1605275571346283	0.9	0.45454545454545453	0.6101694915254238	0.85	0.6910569105691057	0.6071428571428571	0.85	0.45454545454545453	0.5728011825572801	0.875	0.6086561743341404
0.1605275720357895	0.875	0.45454545454545453	0.5982905982905983	0.85	0.6910569105691057	0.6071428571428571	0.85	0.45454545454545453	0.5728011825572801	0.8625	0.6027167277167277
0.16511917114257812	0.875	0.45454545454545453	0.5982905982905983	0.85	0.6910569105691057	0.6071428571428571	0.85	0.45454545454545453	0.5728011825572801	0.8625	0.6027167277167277
0.16511918604373932	0.875	0.45454545454545453	0.5982905982905983	0.85	0.6991869918699187	0.6126126126126126	0.85	0.45454545454545453	0.5768662232076867	0.8625	0.6054516054516055
0.16573679447174072	0.875	0.45454545454545453	0.5982905982905983	0.85	0.6991869918699187	0.6126126126126126	0.85	0.45454545454545453	0.5768662232076867	0.8625	0.6054516054516055
0.16573680937290192	0.875	0.45454545454545453	0.5982905982905983	0.85	0.7073170731707317	0.6181818181818182	0.85	0.45454545454545453	0.5809312638580931	0.8625	0.6082362082362083
0.17807573080062866	0.875	0.45454545454545453	0.5982905982905983	0.85	0.7073170731707317	0.6181818181818182	0.85	0.45454545454545453	0.5809312638580931	0.8625	0.6082362082362083
0.17807574570178986	0.875	0.4675324675324675	0.603448275862069	0.85	0.7073170731707317	0.6181818181818182	0.85	0.4675324675324675	0.5874247703515996	0.8625	0.6108150470219436
0.1788388043642044	0.875	0.4675324675324675	0.603448275862069	0.85	0.7073170731707317	0.6181818181818182	0.85	0.4675324675324675	0.5874247703515996	0.8625	0.6108150470219436
0.1788388192653656	0.875	0.4675324675324675	0.603448275862069	0.825	0.7073170731707317	0.6055045871559633	0.825	0.4675324675324675	0.5874247703515996	0.85	0.6044764315090161
0.1794835925102234	0.875	0.4675324675324675	0.603448275862069	0.825	0.7073170731707317	0.6055045871559633	0.825	0.4675324675324675	0.5874247703515996	0.85	0.6044764315090161
0.17948360741138458	0.875	0.4675324675324675	0.603448275862069	0.825	0.7154471544715447	0.6111111111111112	0.825	0.4675324675324675	0.5914898110020061	0.85	0.60727969348659
0.183875173330307	0.875	0.4675324675324675	0.603448275862069	0.825	0.7154471544715447	0.6111111111111112	0.825	0.4675324675324675	0.5914898110020061	0.85	0.60727969348659
0.1838751882314682	0.875	0.4675324675324675	0.603448275862069	0.825	0.7235772357723578	0.616822429906542	0.825	0.4675324675324675	0.5955548516524126	0.85	0.6101353528843054
0.18454495072364807	0.875	0.4675324675324675	0.603448275862069	0.825	0.7235772357723578	0.616822429906542	0.825	0.4675324675324675	0.5955548516524126	0.85	0.6101353528843054
0.18454496562480927	0.875	0.4675324675324675	0.603448275862069	0.825	0.7317073170731707	0.6226415094339622	0.825	0.4675324675324675	0.5996198923028191	0.85	0.6130448926480156
0.18882659077644348	0.875	0.4675324675324675	0.603448275862069	0.825	0.7317073170731707	0.6226415094339622	0.825	0.4675324675324675	0.5996198923028191	0.85	0.6130448926480156
0.18882660567760468	0.875	0.4805194805194805	0.6086956521739131	0.825	0.7317073170731707	0.6226415094339622	0.825	0.4805194805194805	0.6061133987963256	0.85	0.6156685808039377
0.18895193934440613	0.875	0.4805194805194805	0.6086956521739131	0.825	0.7317073170731707	0.6226415094339622	0.825	0.4805194805194805	0.6061133987963256	0.85	0.6156685808039377
0.18895195424556732	0.875	0.4935064935064935	0.6140350877192983	0.825	0.7317073170731707	0.6226415094339622	0.825	0.4935064935064935	0.6126069052898321	0.85	0.6183382985766303
0.192892387509346	0.875	0.4935064935064935	0.6140350877192983	0.825	0.7317073170731707	0.6226415094339622	0.825	0.4935064935064935	0.6126069052898321	0.85	0.6183382985766303
0.1928924024105072	0.875	0.4935064935064935	0.6140350877192983	0.825	0.7398373983739838	0.6285714285714286	0.825	0.4935064935064935	0.6166719459402387	0.85	0.6213032581453635
0.19311609864234924	0.875	0.4935064935064935	0.6140350877192983	0.825	0.7398373983739838	0.6285714285714286	0.825	0.4935064935064935	0.6166719459402387	0.85	0.6213032581453635
0.19311611354351044	0.85	0.4935064935064935	0.6017699115044248	0.825	0.7398373983739838	0.6285714285714286	0.825	0.4935064935064935	0.6166719459402387	0.8374999999999999	0.6151706700379267
0.19554242491722107	0.85	0.4935064935064935	0.6017699115044248	0.825	0.7398373983739838	0.6285714285714286	0.825	0.4935064935064935	0.6166719459402387	0.8374999999999999	0.6151706700379267
0.19554243981838226	0.85	0.5064935064935064	0.6071428571428571	0.825	0.7398373983739838	0.6285714285714286	0.825	0.5064935064935064	0.6231654524337451	0.8374999999999999	0.6178571428571429
0.1993926465511322	0.85	0.5064935064935064	0.6071428571428571	0.825	0.7398373983739838	0.6285714285714286	0.825	0.5064935064935064	0.6231654524337451	0.8374999999999999	0.6178571428571429
0.1993926614522934	0.85	0.5194805194805194	0.6126126126126126	0.825	0.7398373983739838	0.6285714285714286	0.825	0.5194805194805194	0.6296589589272517	0.8374999999999999	0.6205920205920206
0.21043476462364197	0.85	0.5194805194805194	0.6126126126126126	0.825	0.7398373983739838	0.6285714285714286	0.825	0.5194805194805194	0.6296589589272517	0.8374999999999999	0.6205920205920206
0.21043477952480316	0.85	0.5194805194805194	0.6126126126126126	0.825	0.7479674796747967	0.6346153846153846	0.825	0.5194805194805194	0.633723999577658	0.8374999999999999	0.6236139986139986
0.2121579945087433	0.85	0.5194805194805194	0.6126126126126126	0.825	0.7479674796747967	0.6346153846153846	0.825	0.5194805194805194	0.633723999577658	0.8374999999999999	0.6236139986139986
0.21215800940990448	0.85	0.5194805194805194	0.6126126126126126	0.825	0.7560975609756098	0.6407766990291263	0.825	0.5194805194805194	0.6377890402280646	0.8374999999999999	0.6266946558208695
0.223378986120224	0.85	0.5194805194805194	0.6126126126126126	0.825	0.7560975609756098	0.6407766990291263	0.825	0.5194805194805194	0.6377890402280646	0.8374999999999999	0.6266946558208695
0.2233790010213852	0.85	0.5324675324675324	0.6181818181818182	0.825	0.7560975609756098	0.6407766990291263	0.825	0.5324675324675324	0.6442825467215711	0.8374999999999999	0.6294792586054723
0.22400912642478943	0.85	0.5324675324675324	0.6181818181818182	0.825	0.7560975609756098	0.6407766990291263	0.825	0.5324675324675324	0.6442825467215711	0.8374999999999999	0.6294792586054723
0.22400914132595062	0.85	0.5324675324675324	0.6181818181818182	0.825	0.7642276422764228	0.6470588235294118	0.825	0.5324675324675324	0.6483475873719776	0.8374999999999999	0.6326203208556149
0.2241266369819641	0.85	0.5324675324675324	0.6181818181818182	0.825	0.7642276422764228	0.6470588235294118	0.825	0.5324675324675324	0.6483475873719776	0.8374999999999999	0.6326203208556149
0.2241266518831253	0.85	0.5324675324675324	0.6181818181818182	0.825	0.7723577235772358	0.6534653465346535	0.825	0.5324675324675324	0.6524126280223841	0.8374999999999999	0.6358235823582359
0.2292315661907196	0.85	0.5324675324675324	0.6181818181818182	0.825	0.7723577235772358	0.6534653465346535	0.825	0.5324675324675324	0.6524126280223841	0.8374999999999999	0.6358235823582359
0.2292315810918808	0.85	0.5454545454545454	0.6238532110091743	0.825	0.7723577235772358	0.6534653465346535	0.825	0.5454545454545454	0.6589061345158906	0.8374999999999999	0.6386592787719139
0.23446887731552124	0.85	0.5454545454545454	0.6238532110091743	0.825	0.7723577235772358	0.6534653465346535	0.825	0.5454545454545454	0.6589061345158906	0.8374999999999999	0.6386592787719139
0.23446889221668243	0.85	0.5454545454545454	0.6238532110091743	0.8	0.7723577235772358	0.64	0.8	0.5454545454545454	0.6589061345158906	0.825	0.6319266055045871
0.2428824007511139	0.85	0.5454545454545454	0.6238532110091743	0.8	0.7723577235772358	0.64	0.8	0.5454545454545454	0.6589061345158906	0.825	0.6319266055045871
0.24288241565227509	0.825	0.5454545454545454	0.6111111111111112	0.8	0.7723577235772358	0.64	0.8	0.5454545454545454	0.6589061345158906	0.8125	0.6255555555555556
0.24616378545761108	0.825	0.5454545454545454	0.6111111111111112	0.8	0.7723577235772358	0.64	0.8	0.5454545454545454	0.6589061345158906	0.8125	0.6255555555555556
0.24616380035877228	0.825	0.5584415584415584	0.616822429906542	0.8	0.7723577235772358	0.64	0.8	0.5584415584415584	0.6653996410093971	0.8125	0.628411214953271
0.24683643877506256	0.825	0.5584415584415584	0.616822429906542	0.8	0.7723577235772358	0.64	0.8	0.5584415584415584	0.6653996410093971	0.8125	0.628411214953271
0.24683645367622375	0.825	0.5584415584415584	0.616822429906542	0.775	0.7723577235772358	0.6262626262626263	0.775	0.5584415584415584	0.6653996410093971	0.8	0.6215425280845841
0.2516908645629883	0.825	0.5584415584415584	0.616822429906542	0.775	0.7723577235772358	0.6262626262626263	0.775	0.5584415584415584	0.6653996410093971	0.8	0.6215425280845841
0.25169089436531067	0.825	0.5584415584415584	0.616822429906542	0.775	0.7804878048780488	0.6326530612244898	0.775	0.5584415584415584	0.6694646816598036	0.8	0.6247377455655159
0.25579461455345154	0.825	0.5584415584415584	0.616822429906542	0.775	0.7804878048780488	0.6326530612244898	0.775	0.5584415584415584	0.6694646816598036	0.8	0.6247377455655159
0.2557946443557739	0.825	0.5584415584415584	0.616822429906542	0.775	0.7886178861788617	0.6391752577319587	0.775	0.5584415584415584	0.6735297223102101	0.8	0.6279988438192503
0.2572595477104187	0.825	0.5584415584415584	0.616822429906542	0.775	0.7886178861788617	0.6391752577319587	0.775	0.5584415584415584	0.6735297223102101	0.8	0.6279988438192503
0.2572595775127411	0.825	0.5714285714285714	0.6226415094339622	0.775	0.7886178861788617	0.6391752577319587	0.775	0.5714285714285714	0.6800232288037166	0.8	0.6309083835829605
0.25784480571746826	0.825	0.5714285714285714	0.6226415094339622	0.775	0.7886178861788617	0.6391752577319587	0.775	0.5714285714285714	0.6800232288037166	0.8	0.6309083835829605
0.25784483551979065	0.825	0.5714285714285714	0.6226415094339622	0.775	0.7967479674796748	0.6458333333333334	0.775	0.5714285714285714	0.684088269454123	0.8	0.6342374213836478
0.2583715617656708	0.825	0.5714285714285714	0.6226415094339622	0.775	0.7967479674796748	0.6458333333333334	0.775	0.5714285714285714	0.684088269454123	0.8	0.6342374213836478
0.25837159156799316	0.825	0.5844155844155844	0.6285714285714286	0.775	0.7967479674796748	0.6458333333333334	0.775	0.5844155844155844	0.6905817759476296	0.8	0.637202380952381
0.25951260328292847	0.825	0.5844155844155844	0.6285714285714286	0.775	0.7967479674796748	0.6458333333333334	0.775	0.5844155844155844	0.6905817759476296	0.8	0.637202380952381
0.25951263308525085	0.825	0.5974025974025974	0.6346153846153846	0.775	0.7967479674796748	0.6458333333333334	0.775	0.5974025974025974	0.6970752824411361	0.8	0.640224358974359
0.2619650363922119	0.825	0.5974025974025974	0.6346153846153846	0.775	0.7967479674796748	0.6458333333333334	0.775	0.5974025974025974	0.6970752824411361	0.8	0.640224358974359
0.2619650661945343	0.825	0.6103896103896104	0.6407766990291263	0.775	0.7967479674796748	0.6458333333333334	0.775	0.6103896103896104	0.7035687889346426	0.8	0.6433050161812298
0.26317256689071655	0.825	0.6103896103896104	0.6407766990291263	0.775	0.7967479674796748	0.6458333333333334	0.775	0.6103896103896104	0.7035687889346426	0.8	0.6433050161812298
0.26317259669303894	0.825	0.6103896103896104	0.6407766990291263	0.75	0.7967479674796748	0.631578947368421	0.75	0.6103896103896104	0.7035687889346426	0.7875	0.6361778231987736
0.27407097816467285	0.825	0.6103896103896104	0.6407766990291263	0.75	0.7967479674796748	0.631578947368421	0.75	0.6103896103896104	0.7035687889346426	0.7875	0.6361778231987736
0.27407100796699524	0.825	0.6103896103896104	0.6407766990291263	0.725	0.7967479674796748	0.6170212765957447	0.725	0.6103896103896104	0.7035687889346426	0.7749999999999999	0.6288989878124355
0.27442482113838196	0.825	0.6103896103896104	0.6407766990291263	0.725	0.7967479674796748	0.6170212765957447	0.725	0.6103896103896104	0.7035687889346426	0.7749999999999999	0.6288989878124355
0.27442485094070435	0.825	0.6233766233766234	0.6470588235294118	0.725	0.7967479674796748	0.6170212765957447	0.725	0.6233766233766234	0.710062295428149	0.7749999999999999	0.6320400500625782
0.27518486976623535	0.825	0.6233766233766234	0.6470588235294118	0.725	0.7967479674796748	0.6170212765957447	0.725	0.6233766233766234	0.710062295428149	0.7749999999999999	0.6320400500625782
0.27518489956855774	0.825	0.6233766233766234	0.6470588235294118	0.725	0.8048780487804879	0.6236559139784946	0.725	0.6233766233766234	0.7141273360785556	0.7749999999999999	0.6353573687539532
0.2764001786708832	0.825	0.6233766233766234	0.6470588235294118	0.725	0.8048780487804879	0.6236559139784946	0.725	0.6233766233766234	0.7141273360785556	0.7749999999999999	0.6353573687539532
0.27640020847320557	0.825	0.6233766233766234	0.6470588235294118	0.7	0.8048780487804879	0.6086956521739131	0.7	0.6233766233766234	0.7141273360785556	0.7625	0.6278772378516624
0.27663692831993103	0.825	0.6233766233766234	0.6470588235294118	0.7	0.8048780487804879	0.6086956521739131	0.7	0.6233766233766234	0.7141273360785556	0.7625	0.6278772378516624
0.2766369581222534	0.825	0.6233766233766234	0.6470588235294118	0.7	0.8130081300813008	0.6153846153846154	0.7	0.6233766233766234	0.7181923767289621	0.7625	0.6312217194570136
0.2775249779224396	0.825	0.6233766233766234	0.6470588235294118	0.7	0.8130081300813008	0.6153846153846154	0.7	0.6233766233766234	0.7181923767289621	0.7625	0.6312217194570136
0.27752500772476196	0.825	0.6363636363636364	0.6534653465346535	0.7	0.8130081300813008	0.6153846153846154	0.7	0.6363636363636364	0.7246858832224685	0.7625	0.6344249809596345
0.28441089391708374	0.825	0.6363636363636364	0.6534653465346535	0.7	0.8130081300813008	0.6153846153846154	0.7	0.6363636363636364	0.7246858832224685	0.7625	0.6344249809596345
0.28441092371940613	0.825	0.6493506493506493	0.66	0.7	0.8130081300813008	0.6153846153846154	0.7	0.6493506493506493	0.7311793897159751	0.7625	0.6376923076923078
0.287142276763916	0.825	0.6493506493506493	0.66	0.7	0.8130081300813008	0.6153846153846154	0.7	0.6493506493506493	0.7311793897159751	0.7625	0.6376923076923078
0.2871423065662384	0.825	0.6493506493506493	0.66	0.7	0.8211382113821138	0.6222222222222222	0.7	0.6493506493506493	0.7352444303663817	0.7625	0.6411111111111112
0.2877623736858368	0.825	0.6493506493506493	0.66	0.7	0.8211382113821138	0.6222222222222222	0.7	0.6493506493506493	0.7352444303663817	0.7625	0.6411111111111112
0.2877624034881592	0.825	0.6493506493506493	0.66	0.7	0.8292682926829268	0.6292134831460674	0.7	0.6493506493506493	0.739309471016788	0.7625	0.6446067415730337
0.2880719006061554	0.825	0.6493506493506493	0.66	0.7	0.8292682926829268	0.6292134831460674	0.7	0.6493506493506493	0.739309471016788	0.7625	0.6446067415730337
0.2880719304084778	0.825	0.6493506493506493	0.66	0.675	0.8292682926829268	0.6136363636363636	0.675	0.6493506493506493	0.739309471016788	0.75	0.6368181818181818
0.2940903306007385	0.825	0.6493506493506493	0.66	0.675	0.8292682926829268	0.6136363636363636	0.675	0.6493506493506493	0.739309471016788	0.75	0.6368181818181818
0.2940903604030609	0.8	0.6493506493506493	0.6464646464646465	0.675	0.8292682926829268	0.6136363636363636	0.675	0.6493506493506493	0.739309471016788	0.7375	0.6300505050505051
0.2943204939365387	0.8	0.6493506493506493	0.6464646464646465	0.675	0.8292682926829268	0.6136363636363636	0.675	0.6493506493506493	0.739309471016788	0.7375	0.6300505050505051
0.2943205237388611	0.8	0.6493506493506493	0.6464646464646465	0.675	0.8373983739837398	0.6206896551724138	0.675	0.6493506493506493	0.7433745116671946	0.7375	0.6335771508185302
0.2946096658706665	0.8	0.6493506493506493	0.6464646464646465	0.675	0.8373983739837398	0.6206896551724138	0.675	0.6493506493506493	0.7433745116671946	0.7375	0.6335771508185302
0.2946096956729889	0.8	0.6493506493506493	0.6464646464646465	0.675	0.8455284552845529	0.627906976744186	0.675	0.6493506493506493	0.7474395523176012	0.7375	0.6371858116044162
0.29652607440948486	0.8	0.6493506493506493	0.6464646464646465	0.675	0.8455284552845529	0.627906976744186	0.675	0.6493506493506493	0.7474395523176012	0.7375	0.6371858116044162
0.29652610421180725	0.775	0.6493506493506493	0.6326530612244898	0.675	0.8455284552845529	0.627906976744186	0.675	0.6493506493506493	0.7474395523176012	0.7250000000000001	0.6302800189843379
0.29925402998924255	0.775	0.6493506493506493	0.6326530612244898	0.675	0.8455284552845529	0.627906976744186	0.675	0.6493506493506493	0.7474395523176012	0.7250000000000001	0.6302800189843379
0.29925405979156494	0.75	0.6493506493506493	0.6185567010309279	0.675	0.8455284552845529	0.627906976744186	0.675	0.6493506493506493	0.7474395523176012	0.7125	0.623231838887557
0.30623337626457214	0.75	0.6493506493506493	0.6185567010309279	0.675	0.8455284552845529	0.627906976744186	0.675	0.6493506493506493	0.7474395523176012	0.7125	0.623231838887557
0.30623340606689453	0.75	0.6493506493506493	0.6185567010309279	0.65	0.8455284552845529	0.611764705882353	0.65	0.6493506493506493	0.7474395523176012	0.7	0.6151607034566404
0.31297338008880615	0.75	0.6493506493506493	0.6185567010309279	0.65	0.8455284552845529	0.611764705882353	0.65	0.6493506493506493	0.7474395523176012	0.7	0.6151607034566404
0.31297340989112854	0.75	0.6493506493506493	0.6185567010309279	0.65	0.8536585365853658	0.6190476190476191	0.65	0.6493506493506493	0.7515045929680075	0.7	0.6188021600392735
0.3132546842098236	0.75	0.6493506493506493	0.6185567010309279	0.65	0.8536585365853658	0.6190476190476191	0.65	0.6493506493506493	0.7515045929680075	0.7	0.6188021600392735
0.313254714012146	0.75	0.6623376623376623	0.625	0.65	0.8536585365853658	0.6190476190476191	0.65	0.6623376623376623	0.7579980994615141	0.7	0.6220238095238095
0.31641414761543274	0.75	0.6623376623376623	0.625	0.65	0.8536585365853658	0.6190476190476191	0.65	0.6623376623376623	0.7579980994615141	0.7	0.6220238095238095
0.3164141774177551	0.75	0.6623376623376623	0.625	0.65	0.8617886178861789	0.6265060240963856	0.65	0.6623376623376623	0.7620631401119207	0.7	0.6257530120481928
0.3345125615596771	0.75	0.6623376623376623	0.625	0.65	0.8617886178861789	0.6265060240963856	0.65	0.6623376623376623	0.7620631401119207	0.7	0.6257530120481928
0.3345125913619995	0.75	0.6623376623376623	0.625	0.625	0.8617886178861789	0.6097560975609756	0.625	0.6623376623376623	0.7620631401119207	0.6875	0.6173780487804879
0.3374391198158264	0.75	0.6623376623376623	0.625	0.625	0.8617886178861789	0.6097560975609756	0.625	0.6623376623376623	0.7620631401119207	0.6875	0.6173780487804879
0.3374391496181488	0.75	0.6623376623376623	0.625	0.625	0.8699186991869918	0.6172839506172839	0.625	0.6623376623376623	0.766128180762327	0.6875	0.621141975308642
0.34048184752464294	0.75	0.6623376623376623	0.625	0.625	0.8699186991869918	0.6172839506172839	0.625	0.6623376623376623	0.766128180762327	0.6875	0.621141975308642
0.34048187732696533	0.75	0.6623376623376623	0.625	0.625	0.8780487804878049	0.625	0.625	0.6623376623376623	0.7701932214127336	0.6875	0.625
0.3509475588798523	0.75	0.6623376623376623	0.625	0.625	0.8780487804878049	0.625	0.625	0.6623376623376623	0.7701932214127336	0.6875	0.625
0.3509475886821747	0.75	0.6623376623376623	0.625	0.625	0.8861788617886179	0.6329113924050633	0.625	0.6623376623376623	0.7742582620631402	0.6875	0.6289556962025317
0.3645274043083191	0.75	0.6623376623376623	0.625	0.625	0.8861788617886179	0.6329113924050633	0.625	0.6623376623376623	0.7742582620631402	0.6875	0.6289556962025317
0.3645274341106415	0.75	0.6753246753246753	0.631578947368421	0.625	0.8861788617886179	0.6329113924050633	0.625	0.6753246753246753	0.7807517685566466	0.6875	0.6322451698867422
0.3646225035190582	0.75	0.6753246753246753	0.631578947368421	0.625	0.8861788617886179	0.6329113924050633	0.625	0.6753246753246753	0.7807517685566466	0.6875	0.6322451698867422
0.3646225333213806	0.725	0.6753246753246753	0.6170212765957447	0.625	0.8861788617886179	0.6329113924050633	0.625	0.6753246753246753	0.7807517685566466	0.675	0.624966334500404
0.37088415026664734	0.725	0.6753246753246753	0.6170212765957447	0.625	0.8861788617886179	0.6329113924050633	0.625	0.6753246753246753	0.7807517685566466	0.675	0.624966334500404
0.3708841800689697	0.725	0.6883116883116883	0.6236559139784946	0.625	0.8861788617886179	0.6329113924050633	0.625	0.6883116883116883	0.7872452750501531	0.675	0.628283653191779
0.37093496322631836	0.725	0.6883116883116883	0.6236559139784946	0.625	0.8861788617886179	0.6329113924050633	0.625	0.6883116883116883	0.7872452750501531	0.675	0.628283653191779
0.37093499302864075	0.725	0.7012987012987013	0.6304347826086957	0.625	0.8861788617886179	0.6329113924050633	0.625	0.7012987012987013	0.7937387815436596	0.675	0.6316730875068794
0.3864315450191498	0.725	0.7012987012987013	0.6304347826086957	0.625	0.8861788617886179	0.6329113924050633	0.625	0.7012987012987013	0.7937387815436596	0.675	0.6316730875068794
0.38643157482147217	0.725	0.7142857142857143	0.6373626373626373	0.625	0.8861788617886179	0.6329113924050633	0.625	0.7142857142857143	0.8002322880371662	0.675	0.6351370148838503
0.3886772394180298	0.725	0.7142857142857143	0.6373626373626373	0.625	0.8861788617886179	0.6329113924050633	0.625	0.7142857142857143	0.8002322880371662	0.675	0.6351370148838503
0.3886772692203522	0.7	0.7142857142857143	0.6222222222222222	0.625	0.8861788617886179	0.6329113924050633	0.625	0.7142857142857143	0.8002322880371662	0.6625	0.6275668073136428
0.39192843437194824	0.7	0.7142857142857143	0.6222222222222222	0.625	0.8861788617886179	0.6329113924050633	0.625	0.7142857142857143	0.8002322880371662	0.6625	0.6275668073136428
0.39192846417427063	0.7	0.7272727272727273	0.6292134831460674	0.625	0.8861788617886179	0.6329113924050633	0.625	0.7272727272727273	0.8067257945306726	0.6625	0.6310624377755654
0.3924478590488434	0.7	0.7272727272727273	0.6292134831460674	0.625	0.8861788617886179	0.6329113924050633	0.625	0.7272727272727273	0.8067257945306726	0.6625	0.6310624377755654
0.39244788885116577	0.7	0.7272727272727273	0.6292134831460674	0.6	0.8861788617886179	0.6153846153846154	0.6	0.7272727272727273	0.8067257945306726	0.6499999999999999	0.6222990492653414
0.3935803174972534	0.7	0.7272727272727273	0.6292134831460674	0.6	0.8861788617886179	0.6153846153846154	0.6	0.7272727272727273	0.8067257945306726	0.6499999999999999	0.6222990492653414
0.3935803472995758	0.7	0.7272727272727273	0.6292134831460674	0.6	0.8943089430894309	0.6233766233766234	0.6	0.7272727272727273	0.8107908351810791	0.6499999999999999	0.6262950532613454
0.3944943845272064	0.7	0.7272727272727273	0.6292134831460674	0.6	0.8943089430894309	0.6233766233766234	0.6	0.7272727272727273	0.8107908351810791	0.6499999999999999	0.6262950532613454
0.3944944143295288	0.7	0.7272727272727273	0.6292134831460674	0.575	0.8943089430894309	0.6052631578947368	0.575	0.7272727272727273	0.8107908351810791	0.6375	0.6172383205204022
0.40538910031318665	0.7	0.7272727272727273	0.6292134831460674	0.575	0.8943089430894309	0.6052631578947368	0.575	0.7272727272727273	0.8107908351810791	0.6375	0.6172383205204022
0.40538913011550903	0.7	0.7272727272727273	0.6292134831460674	0.575	0.9024390243902439	0.6133333333333333	0.575	0.7272727272727273	0.8148558758314857	0.6375	0.6212734082397003
0.4142169952392578	0.7	0.7272727272727273	0.6292134831460674	0.575	0.9024390243902439	0.6133333333333333	0.575	0.7272727272727273	0.8148558758314857	0.6375	0.6212734082397003
0.4142170250415802	0.7	0.7402597402597403	0.6363636363636364	0.575	0.9024390243902439	0.6133333333333333	0.575	0.7402597402597403	0.8213493823249921	0.6375	0.6248484848484848
0.4334604740142822	0.7	0.7402597402597403	0.6363636363636364	0.575	0.9024390243902439	0.6133333333333333	0.575	0.7402597402597403	0.8213493823249921	0.6375	0.6248484848484848
0.4334605038166046	0.7	0.7402597402597403	0.6363636363636364	0.575	0.9105691056910569	0.6216216216216216	0.575	0.7402597402597403	0.8254144229753986	0.6375	0.628992628992629
0.44610878825187683	0.7	0.7402597402597403	0.6363636363636364	0.575	0.9105691056910569	0.6216216216216216	0.575	0.7402597402597403	0.8254144229753986	0.6375	0.628992628992629
0.4461088180541992	0.7	0.7532467532467533	0.6436781609195402	0.575	0.9105691056910569	0.6216216216216216	0.575	0.7532467532467533	0.8319079294689051	0.6375	0.6326498912705809
0.45555856823921204	0.7	0.7532467532467533	0.6436781609195402	0.575	0.9105691056910569	0.6216216216216216	0.575	0.7532467532467533	0.8319079294689051	0.6375	0.6326498912705809
0.4555585980415344	0.675	0.7532467532467533	0.627906976744186	0.575	0.9105691056910569	0.6216216216216216	0.575	0.7532467532467533	0.8319079294689051	0.625	0.6247642991829039
0.46132487058639526	0.675	0.7532467532467533	0.627906976744186	0.575	0.9105691056910569	0.6216216216216216	0.575	0.7532467532467533	0.8319079294689051	0.625	0.6247642991829039
0.46132490038871765	0.675	0.7662337662337663	0.6352941176470588	0.575	0.9105691056910569	0.6216216216216216	0.575	0.7662337662337663	0.8384014359624116	0.625	0.6284578696343401
0.4616517722606659	0.675	0.7662337662337663	0.6352941176470588	0.575	0.9105691056910569	0.6216216216216216	0.575	0.7662337662337663	0.8384014359624116	0.625	0.6284578696343401
0.4616518020629883	0.675	0.7792207792207793	0.6428571428571429	0.575	0.9105691056910569	0.6216216216216216	0.575	0.7792207792207793	0.844894942455918	0.625	0.6322393822393823
0.4631119668483734	0.675	0.7792207792207793	0.6428571428571429	0.575	0.9105691056910569	0.6216216216216216	0.575	0.7792207792207793	0.844894942455918	0.625	0.6322393822393823
0.4631119966506958	0.675	0.7792207792207793	0.6428571428571429	0.575	0.9186991869918699	0.6301369863013698	0.575	0.7792207792207793	0.8489599831063246	0.625	0.6364970645792564
0.47164487838745117	0.675	0.7792207792207793	0.6428571428571429	0.575	0.9186991869918699	0.6301369863013698	0.575	0.7792207792207793	0.8489599831063246	0.625	0.6364970645792564
0.47164490818977356	0.675	0.7922077922077922	0.6506024096385542	0.575	0.9186991869918699	0.6301369863013698	0.575	0.7922077922077922	0.8554534895998311	0.625	0.640369697969962
0.4838465452194214	0.675	0.7922077922077922	0.6506024096385542	0.575	0.9186991869918699	0.6301369863013698	0.575	0.7922077922077922	0.8554534895998311	0.625	0.640369697969962
0.4838465750217438	0.675	0.7922077922077922	0.6506024096385542	0.575	0.926829268292683	0.6388888888888888	0.575	0.7922077922077922	0.8595185302502376	0.625	0.6447456492637216
0.49361664056777954	0.675	0.7922077922077922	0.6506024096385542	0.575	0.926829268292683	0.6388888888888888	0.575	0.7922077922077922	0.8595185302502376	0.625	0.6447456492637216
0.49361667037010193	0.675	0.7922077922077922	0.6506024096385542	0.55	0.926829268292683	0.6197183098591549	0.55	0.7922077922077922	0.8595185302502376	0.6125	0.6351603597488545
0.49756985902786255	0.675	0.7922077922077922	0.6506024096385542	0.55	0.926829268292683	0.6197183098591549	0.55	0.7922077922077922	0.8595185302502376	0.6125	0.6351603597488545
0.49756988883018494	0.675	0.8051948051948052	0.6585365853658537	0.55	0.926829268292683	0.6197183098591549	0.55	0.8051948051948052	0.866012036743744	0.6125	0.6391274476125043
0.5006242394447327	0.675	0.8051948051948052	0.6585365853658537	0.55	0.926829268292683	0.6197183098591549	0.55	0.8051948051948052	0.866012036743744	0.6125	0.6391274476125043
0.5006242990493774	0.675	0.8181818181818182	0.6666666666666666	0.55	0.926829268292683	0.6197183098591549	0.55	0.8181818181818182	0.8725055432372506	0.6125	0.6431924882629108
0.5028384327888489	0.675	0.8181818181818182	0.6666666666666666	0.55	0.926829268292683	0.6197183098591549	0.55	0.8181818181818182	0.8725055432372506	0.6125	0.6431924882629108
0.5028384923934937	0.675	0.8181818181818182	0.6666666666666666	0.525	0.926829268292683	0.6	0.525	0.8181818181818182	0.8725055432372506	0.6000000000000001	0.6333333333333333
0.5172373056411743	0.675	0.8181818181818182	0.6666666666666666	0.525	0.926829268292683	0.6	0.525	0.8181818181818182	0.8725055432372506	0.6000000000000001	0.6333333333333333
0.5172373652458191	0.675	0.8181818181818182	0.6666666666666666	0.525	0.9349593495934959	0.6086956521739131	0.525	0.8181818181818182	0.8765705838876571	0.6000000000000001	0.6376811594202898
0.5202844142913818	0.675	0.8181818181818182	0.6666666666666666	0.525	0.9349593495934959	0.6086956521739131	0.525	0.8181818181818182	0.8765705838876571	0.6000000000000001	0.6376811594202898
0.5202844738960266	0.675	0.8181818181818182	0.6666666666666666	0.5	0.9349593495934959	0.5882352941176471	0.5	0.8181818181818182	0.8765705838876571	0.5875	0.6274509803921569
0.5260230302810669	0.675	0.8181818181818182	0.6666666666666666	0.5	0.9349593495934959	0.5882352941176471	0.5	0.8181818181818182	0.8765705838876571	0.5875	0.6274509803921569
0.5260230898857117	0.675	0.8181818181818182	0.6666666666666666	0.5	0.943089430894309	0.5970149253731343	0.5	0.8181818181818182	0.8806356245380635	0.5875	0.6318407960199004
0.5312271118164062	0.675	0.8181818181818182	0.6666666666666666	0.5	0.943089430894309	0.5970149253731343	0.5	0.8181818181818182	0.8806356245380635	0.5875	0.6318407960199004
0.531227171421051	0.675	0.8311688311688312	0.675	0.5	0.943089430894309	0.5970149253731343	0.5	0.8311688311688312	0.8871291310315701	0.5875	0.6360074626865672
0.5315248370170593	0.675	0.8311688311688312	0.675	0.5	0.943089430894309	0.5970149253731343	0.5	0.8311688311688312	0.8871291310315701	0.5875	0.6360074626865672
0.5315248966217041	0.675	0.8311688311688312	0.675	0.5	0.9512195121951219	0.6060606060606061	0.5	0.8311688311688312	0.8911941716819766	0.5875	0.6405303030303031
0.5350832939147949	0.675	0.8311688311688312	0.675	0.5	0.9512195121951219	0.6060606060606061	0.5	0.8311688311688312	0.8911941716819766	0.5875	0.6405303030303031
0.5350833535194397	0.675	0.8441558441558441	0.6835443037974683	0.5	0.9512195121951219	0.6060606060606061	0.5	0.8441558441558441	0.897687678175483	0.5875	0.6448024549290372
0.5393975973129272	0.675	0.8441558441558441	0.6835443037974683	0.5	0.9512195121951219	0.6060606060606061	0.5	0.8441558441558441	0.897687678175483	0.5875	0.6448024549290372
0.539397656917572	0.675	0.8441558441558441	0.6835443037974683	0.5	0.959349593495935	0.6153846153846154	0.5	0.8441558441558441	0.9017527188258896	0.5875	0.6494644595910419
0.5449184775352478	0.675	0.8441558441558441	0.6835443037974683	0.5	0.959349593495935	0.6153846153846154	0.5	0.8441558441558441	0.9017527188258896	0.5875	0.6494644595910419
0.5449185371398926	0.675	0.8441558441558441	0.6835443037974683	0.475	0.959349593495935	0.59375	0.475	0.8441558441558441	0.9017527188258896	0.575	0.6386471518987342
0.5464012026786804	0.675	0.8441558441558441	0.6835443037974683	0.475	0.959349593495935	0.59375	0.475	0.8441558441558441	0.9017527188258896	0.575	0.6386471518987342
0.5464012622833252	0.675	0.8571428571428571	0.6923076923076923	0.475	0.959349593495935	0.59375	0.475	0.8571428571428571	0.908246225319396	0.575	0.6430288461538461
0.561996579170227	0.675	0.8571428571428571	0.6923076923076923	0.475	0.959349593495935	0.59375	0.475	0.8571428571428571	0.908246225319396	0.575	0.6430288461538461
0.5619966387748718	0.675	0.8701298701298701	0.7012987012987013	0.475	0.959349593495935	0.59375	0.475	0.8701298701298701	0.9147397318129025	0.575	0.6475243506493507
0.5659774541854858	0.675	0.8701298701298701	0.7012987012987013	0.475	0.959349593495935	0.59375	0.475	0.8701298701298701	0.9147397318129025	0.575	0.6475243506493507
0.5659775137901306	0.675	0.8701298701298701	0.7012987012987013	0.45	0.959349593495935	0.5714285714285714	0.45	0.8701298701298701	0.9147397318129025	0.5625	0.6363636363636364
0.5689682960510254	0.675	0.8701298701298701	0.7012987012987013	0.45	0.959349593495935	0.5714285714285714	0.45	0.8701298701298701	0.9147397318129025	0.5625	0.6363636363636364
0.5689683556556702	0.675	0.8831168831168831	0.7105263157894737	0.45	0.959349593495935	0.5714285714285714	0.45	0.8831168831168831	0.921233238306409	0.5625	0.6409774436090225
0.5801788568496704	0.675	0.8831168831168831	0.7105263157894737	0.45	0.959349593495935	0.5714285714285714	0.45	0.8831168831168831	0.921233238306409	0.5625	0.6409774436090225
0.5801789164543152	0.675	0.8831168831168831	0.7105263157894737	0.425	0.959349593495935	0.5483870967741935	0.425	0.8831168831168831	0.921233238306409	0.55	0.6294567062818336
0.5974088311195374	0.675	0.8831168831168831	0.7105263157894737	0.425	0.959349593495935	0.5483870967741935	0.425	0.8831168831168831	0.921233238306409	0.55	0.6294567062818336
0.5974088907241821	0.675	0.8831168831168831	0.7105263157894737	0.4	0.959349593495935	0.5245901639344263	0.4	0.8831168831168831	0.921233238306409	0.5375000000000001	0.6175582398619499
0.6003929972648621	0.675	0.8831168831168831	0.7105263157894737	0.4	0.959349593495935	0.5245901639344263	0.4	0.8831168831168831	0.921233238306409	0.5375000000000001	0.6175582398619499
0.6003930568695068	0.675	0.8831168831168831	0.7105263157894737	0.375	0.959349593495935	0.5	0.375	0.8831168831168831	0.921233238306409	0.525	0.6052631578947368
0.6010484099388123	0.675	0.8831168831168831	0.7105263157894737	0.375	0.959349593495935	0.5	0.375	0.8831168831168831	0.921233238306409	0.525	0.6052631578947368
0.601048469543457	0.675	0.8831168831168831	0.7105263157894737	0.35	0.959349593495935	0.4745762711864407	0.35	0.8831168831168831	0.921233238306409	0.5125	0.5925512934879572
0.6022912263870239	0.675	0.8831168831168831	0.7105263157894737	0.35	0.959349593495935	0.4745762711864407	0.35	0.8831168831168831	0.921233238306409	0.5125	0.5925512934879572
0.6022912859916687	0.675	0.8831168831168831	0.7105263157894737	0.325	0.959349593495935	0.4482758620689655	0.325	0.8831168831168831	0.921233238306409	0.5	0.5794010889292196
0.6139417886734009	0.675	0.8831168831168831	0.7105263157894737	0.325	0.959349593495935	0.4482758620689655	0.325	0.8831168831168831	0.921233238306409	0.5	0.5794010889292196
0.6139418482780457	0.675	0.8961038961038961	0.72	0.325	0.959349593495935	0.4482758620689655	0.325	0.8961038961038961	0.9277267447999156	0.5	0.5841379310344827
0.6171477437019348	0.675	0.8961038961038961	0.72	0.325	0.959349593495935	0.4482758620689655	0.325	0.8961038961038961	0.9277267447999156	0.5	0.5841379310344827
0.6171478033065796	0.65	0.8961038961038961	0.7027027027027027	0.325	0.959349593495935	0.4482758620689655	0.325	0.8961038961038961	0.9277267447999156	0.48750000000000004	0.5754892823858342
0.6373848915100098	0.65	0.8961038961038961	0.7027027027027027	0.325	0.959349593495935	0.4482758620689655	0.325	0.8961038961038961	0.9277267447999156	0.48750000000000004	0.5754892823858342
0.6373849511146545	0.65	0.8961038961038961	0.7027027027027027	0.325	0.967479674796748	0.45614035087719296	0.325	0.8961038961038961	0.931791785450322	0.48750000000000004	0.5794215267899478
0.6464987993240356	0.65	0.8961038961038961	0.7027027027027027	0.325	0.967479674796748	0.45614035087719296	0.325	0.8961038961038961	0.931791785450322	0.48750000000000004	0.5794215267899478
0.6464988589286804	0.65	0.9090909090909091	0.7123287671232876	0.325	0.967479674796748	0.45614035087719296	0.325	0.9090909090909091	0.9382852919438285	0.48750000000000004	0.5842345590002402
0.6481608748435974	0.65	0.9090909090909091	0.7123287671232876	0.325	0.967479674796748	0.45614035087719296	0.325	0.9090909090909091	0.9382852919438285	0.48750000000000004	0.5842345590002402
0.6481609344482422	0.625	0.9090909090909091	0.6944444444444444	0.325	0.967479674796748	0.45614035087719296	0.325	0.9090909090909091	0.9382852919438285	0.475	0.5752923976608186
0.6498284935951233	0.625	0.9090909090909091	0.6944444444444444	0.325	0.967479674796748	0.45614035087719296	0.325	0.9090909090909091	0.9382852919438285	0.475	0.5752923976608186
0.6498285531997681	0.625	0.9090909090909091	0.6944444444444444	0.3	0.967479674796748	0.42857142857142855	0.3	0.9090909090909091	0.9382852919438285	0.4625	0.5615079365079365
0.6527566909790039	0.625	0.9090909090909091	0.6944444444444444	0.3	0.967479674796748	0.42857142857142855	0.3	0.9090909090909091	0.9382852919438285	0.4625	0.5615079365079365
0.6527567505836487	0.6	0.9090909090909091	0.676056338028169	0.3	0.967479674796748	0.42857142857142855	0.3	0.9090909090909091	0.9382852919438285	0.44999999999999996	0.5523138832997988
0.6563050746917725	0.6	0.9090909090909091	0.676056338028169	0.3	0.967479674796748	0.42857142857142855	0.3	0.9090909090909091	0.9382852919438285	0.44999999999999996	0.5523138832997988
0.6563051342964172	0.6	0.9090909090909091	0.676056338028169	0.275	0.967479674796748	0.4	0.275	0.9090909090909091	0.9382852919438285	0.4375	0.5380281690140845
0.6675512194633484	0.6	0.9090909090909091	0.676056338028169	0.275	0.967479674796748	0.4	0.275	0.9090909090909091	0.9382852919438285	0.4375	0.5380281690140845
0.6675512790679932	0.6	0.922077922077922	0.6857142857142857	0.275	0.967479674796748	0.4	0.275	0.922077922077922	0.944778798437335	0.4375	0.5428571428571429
0.6676300764083862	0.6	0.922077922077922	0.6857142857142857	0.275	0.967479674796748	0.4	0.275	0.922077922077922	0.944778798437335	0.4375	0.5428571428571429
0.667630136013031	0.6	0.922077922077922	0.6857142857142857	0.25	0.967479674796748	0.37037037037037035	0.25	0.922077922077922	0.944778798437335	0.425	0.5280423280423281
0.6690945029258728	0.6	0.922077922077922	0.6857142857142857	0.25	0.967479674796748	0.37037037037037035	0.25	0.922077922077922	0.944778798437335	0.425	0.5280423280423281
0.6690945625305176	0.6	0.922077922077922	0.6857142857142857	0.25	0.975609756097561	0.37735849056603776	0.25	0.922077922077922	0.9488438390877415	0.425	0.5315363881401618
0.6748948693275452	0.6	0.922077922077922	0.6857142857142857	0.25	0.975609756097561	0.37735849056603776	0.25	0.922077922077922	0.9488438390877415	0.425	0.5315363881401618
0.6748949289321899	0.6	0.922077922077922	0.6857142857142857	0.225	0.975609756097561	0.34615384615384615	0.225	0.922077922077922	0.9488438390877415	0.4125	0.5159340659340659
0.675177812576294	0.6	0.922077922077922	0.6857142857142857	0.225	0.975609756097561	0.34615384615384615	0.225	0.922077922077922	0.9488438390877415	0.4125	0.5159340659340659
0.6751778721809387	0.575	0.922077922077922	0.6666666666666666	0.225	0.975609756097561	0.34615384615384615	0.225	0.922077922077922	0.9488438390877415	0.39999999999999997	0.5064102564102564
0.687730073928833	0.575	0.922077922077922	0.6666666666666666	0.225	0.975609756097561	0.34615384615384615	0.225	0.922077922077922	0.9488438390877415	0.39999999999999997	0.5064102564102564
0.6877301335334778	0.575	0.922077922077922	0.6666666666666666	0.225	0.983739837398374	0.35294117647058826	0.225	0.922077922077922	0.952908879738148	0.39999999999999997	0.5098039215686274
0.6932976841926575	0.575	0.922077922077922	0.6666666666666666	0.225	0.983739837398374	0.35294117647058826	0.225	0.922077922077922	0.952908879738148	0.39999999999999997	0.5098039215686274
0.6932977437973022	0.575	0.922077922077922	0.6666666666666666	0.2	0.983739837398374	0.32	0.2	0.922077922077922	0.952908879738148	0.38749999999999996	0.4933333333333333
0.6968692541122437	0.575	0.922077922077922	0.6666666666666666	0.2	0.983739837398374	0.32	0.2	0.922077922077922	0.952908879738148	0.38749999999999996	0.4933333333333333
0.6968693137168884	0.55	0.922077922077922	0.6470588235294118	0.2	0.983739837398374	0.32	0.2	0.922077922077922	0.952908879738148	0.375	0.4835294117647059
0.7018460631370544	0.55	0.922077922077922	0.6470588235294118	0.2	0.983739837398374	0.32	0.2	0.922077922077922	0.952908879738148	0.375	0.4835294117647059
0.7018461227416992	0.55	0.935064935064935	0.6567164179104478	0.2	0.983739837398374	0.32	0.2	0.935064935064935	0.9594023862316545	0.375	0.48835820895522386
0.7225762009620667	0.55	0.935064935064935	0.6567164179104478	0.2	0.983739837398374	0.32	0.2	0.935064935064935	0.9594023862316545	0.375	0.48835820895522386
0.7225762605667114	0.55	0.935064935064935	0.6567164179104478	0.2	0.991869918699187	0.32653061224489793	0.2	0.935064935064935	0.963467426882061	0.375	0.4916235150776729
0.7314713001251221	0.55	0.935064935064935	0.6567164179104478	0.2	0.991869918699187	0.32653061224489793	0.2	0.935064935064935	0.963467426882061	0.375	0.4916235150776729
0.7314713597297668	0.525	0.935064935064935	0.6363636363636364	0.2	0.991869918699187	0.32653061224489793	0.2	0.935064935064935	0.963467426882061	0.36250000000000004	0.48144712430426717
0.7427856922149658	0.525	0.935064935064935	0.6363636363636364	0.2	0.991869918699187	0.32653061224489793	0.2	0.935064935064935	0.963467426882061	0.36250000000000004	0.48144712430426717
0.7427857518196106	0.5	0.935064935064935	0.6153846153846154	0.2	0.991869918699187	0.32653061224489793	0.2	0.935064935064935	0.963467426882061	0.35	0.47095761381475665
0.7539269924163818	0.5	0.935064935064935	0.6153846153846154	0.2	0.991869918699187	0.32653061224489793	0.2	0.935064935064935	0.963467426882061	0.35	0.47095761381475665
0.7539270520210266	0.475	0.935064935064935	0.59375	0.2	0.991869918699187	0.32653061224489793	0.2	0.935064935064935	0.963467426882061	0.3375	0.46014030612244894
0.7686566114425659	0.475	0.935064935064935	0.59375	0.2	0.991869918699187	0.32653061224489793	0.2	0.935064935064935	0.963467426882061	0.3375	0.46014030612244894
0.7686566710472107	0.475	0.935064935064935	0.59375	0.175	0.991869918699187	0.2916666666666667	0.175	0.935064935064935	0.963467426882061	0.32499999999999996	0.44270833333333337
0.7753533124923706	0.475	0.935064935064935	0.59375	0.175	0.991869918699187	0.2916666666666667	0.175	0.935064935064935	0.963467426882061	0.32499999999999996	0.44270833333333337
0.7753533720970154	0.45	0.935064935064935	0.5714285714285714	0.175	0.991869918699187	0.2916666666666667	0.175	0.935064935064935	0.963467426882061	0.3125	0.43154761904761907
0.7788934111595154	0.45	0.935064935064935	0.5714285714285714	0.175	0.991869918699187	0.2916666666666667	0.175	0.935064935064935	0.963467426882061	0.3125	0.43154761904761907
0.7788934707641602	0.425	0.935064935064935	0.5483870967741935	0.175	0.991869918699187	0.2916666666666667	0.175	0.935064935064935	0.963467426882061	0.3	0.4200268817204301
0.7858376502990723	0.425	0.935064935064935	0.5483870967741935	0.175	0.991869918699187	0.2916666666666667	0.175	0.935064935064935	0.963467426882061	0.3	0.4200268817204301
0.785837709903717	0.4	0.935064935064935	0.5245901639344263	0.175	0.991869918699187	0.2916666666666667	0.175	0.935064935064935	0.963467426882061	0.2875	0.40812841530054644
0.7878787517547607	0.4	0.935064935064935	0.5245901639344263	0.175	0.991869918699187	0.2916666666666667	0.175	0.935064935064935	0.963467426882061	0.2875	0.40812841530054644
0.7878788113594055	0.4	0.935064935064935	0.5245901639344263	0.15	0.991869918699187	0.2553191489361702	0.15	0.935064935064935	0.963467426882061	0.275	0.38995465643529825
0.798429012298584	0.4	0.935064935064935	0.5245901639344263	0.15	0.991869918699187	0.2553191489361702	0.15	0.935064935064935	0.963467426882061	0.275	0.38995465643529825
0.7984290719032288	0.375	0.935064935064935	0.5	0.15	0.991869918699187	0.2553191489361702	0.15	0.935064935064935	0.963467426882061	0.2625	0.37765957446808507
0.8013750314712524	0.375	0.935064935064935	0.5	0.15	0.991869918699187	0.2553191489361702	0.15	0.935064935064935	0.963467426882061	0.2625	0.37765957446808507
0.8013750910758972	0.375	0.935064935064935	0.5	0.15	1.0	0.2608695652173913	0.15	0.935064935064935	0.9675324675324675	0.2625	0.3804347826086957
0.8047343492507935	0.375	0.935064935064935	0.5	0.15	1.0	0.2608695652173913	0.15	0.935064935064935	0.9675324675324675	0.2625	0.3804347826086957
0.8047344088554382	0.35	0.935064935064935	0.4745762711864407	0.15	1.0	0.2608695652173913	0.15	0.935064935064935	0.9675324675324675	0.25	0.367722918201916
0.8115254640579224	0.35	0.935064935064935	0.4745762711864407	0.15	1.0	0.2608695652173913	0.15	0.935064935064935	0.9675324675324675	0.25	0.367722918201916
0.8115255236625671	0.35	0.948051948051948	0.4827586206896552	0.15	1.0	0.2608695652173913	0.15	0.948051948051948	0.974025974025974	0.25	0.37181409295352325
0.8119969367980957	0.35	0.948051948051948	0.4827586206896552	0.15	1.0	0.2608695652173913	0.15	0.948051948051948	0.974025974025974	0.25	0.37181409295352325
0.8119969964027405	0.35	0.948051948051948	0.4827586206896552	0.125	1.0	0.2222222222222222	0.125	0.948051948051948	0.974025974025974	0.2375	0.3524904214559387
0.8199496269226074	0.35	0.948051948051948	0.4827586206896552	0.125	1.0	0.2222222222222222	0.125	0.948051948051948	0.974025974025974	0.2375	0.3524904214559387
0.8199496865272522	0.35	0.948051948051948	0.4827586206896552	0.1	1.0	0.18181818181818182	0.1	0.948051948051948	0.974025974025974	0.22499999999999998	0.3322884012539185
0.8249450325965881	0.35	0.948051948051948	0.4827586206896552	0.1	1.0	0.18181818181818182	0.1	0.948051948051948	0.974025974025974	0.22499999999999998	0.3322884012539185
0.8249450922012329	0.35	0.948051948051948	0.4827586206896552	0.075	1.0	0.13953488372093023	0.075	0.948051948051948	0.974025974025974	0.2125	0.3111467522052927
0.8341593146324158	0.35	0.948051948051948	0.4827586206896552	0.075	1.0	0.13953488372093023	0.075	0.948051948051948	0.974025974025974	0.2125	0.3111467522052927
0.8341593742370605	0.325	0.948051948051948	0.45614035087719296	0.075	1.0	0.13953488372093023	0.075	0.948051948051948	0.974025974025974	0.2	0.2978376172990616
0.8387342095375061	0.325	0.948051948051948	0.45614035087719296	0.075	1.0	0.13953488372093023	0.075	0.948051948051948	0.974025974025974	0.2	0.2978376172990616
0.8387342691421509	0.3	0.948051948051948	0.42857142857142855	0.075	1.0	0.13953488372093023	0.075	0.948051948051948	0.974025974025974	0.1875	0.2840531561461794
0.8459368944168091	0.3	0.948051948051948	0.42857142857142855	0.075	1.0	0.13953488372093023	0.075	0.948051948051948	0.974025974025974	0.1875	0.2840531561461794
0.8459369540214539	0.275	0.948051948051948	0.4	0.075	1.0	0.13953488372093023	0.075	0.948051948051948	0.974025974025974	0.17500000000000002	0.26976744186046514
0.8528883457183838	0.275	0.948051948051948	0.4	0.075	1.0	0.13953488372093023	0.075	0.948051948051948	0.974025974025974	0.17500000000000002	0.26976744186046514
0.8528884053230286	0.275	0.961038961038961	0.4074074074074074	0.075	1.0	0.13953488372093023	0.075	0.961038961038961	0.9805194805194806	0.17500000000000002	0.2734711455641688
0.8567649722099304	0.275	0.961038961038961	0.4074074074074074	0.075	1.0	0.13953488372093023	0.075	0.961038961038961	0.9805194805194806	0.17500000000000002	0.2734711455641688
0.8567650318145752	0.275	0.974025974025974	0.41509433962264153	0.075	1.0	0.13953488372093023	0.075	0.974025974025974	0.987012987012987	0.17500000000000002	0.2773146116717859
0.8588451743125916	0.275	0.974025974025974	0.41509433962264153	0.075	1.0	0.13953488372093023	0.075	0.974025974025974	0.987012987012987	0.17500000000000002	0.2773146116717859
0.8588452339172363	0.275	0.987012987012987	0.4230769230769231	0.075	1.0	0.13953488372093023	0.075	0.987012987012987	0.9935064935064934	0.17500000000000002	0.28130590339892664
0.86297208070755	0.275	0.987012987012987	0.4230769230769231	0.075	1.0	0.13953488372093023	0.075	0.987012987012987	0.9935064935064934	0.17500000000000002	0.28130590339892664
0.8629721403121948	0.25	0.987012987012987	0.39215686274509803	0.075	1.0	0.13953488372093023	0.075	0.987012987012987	0.9935064935064934	0.1625	0.2658458732330141
0.8682514429092407	0.25	0.987012987012987	0.39215686274509803	0.075	1.0	0.13953488372093023	0.075	0.987012987012987	0.9935064935064934	0.1625	0.2658458732330141
0.8682515025138855	0.25	0.987012987012987	0.39215686274509803	0.05	1.0	0.09523809523809523	0.05	0.987012987012987	0.9935064935064934	0.15	0.24369747899159663
0.8723818063735962	0.25	0.987012987012987	0.39215686274509803	0.05	1.0	0.09523809523809523	0.05	0.987012987012987	0.9935064935064934	0.15	0.24369747899159663
0.872381865978241	0.25	0.987012987012987	0.39215686274509803	0.025	1.0	0.04878048780487805	0.025	0.987012987012987	0.9935064935064934	0.1375	0.22046867527498804
0.8828887939453125	0.25	0.987012987012987	0.39215686274509803	0.025	1.0	0.04878048780487805	0.025	0.987012987012987	0.9935064935064934	0.1375	0.22046867527498804
0.8828888535499573	0.225	0.987012987012987	0.36	0.025	1.0	0.04878048780487805	0.025	0.987012987012987	0.9935064935064934	0.125	0.204390243902439
0.8901804089546204	0.225	0.987012987012987	0.36	0.025	1.0	0.04878048780487805	0.025	0.987012987012987	0.9935064935064934	0.125	0.204390243902439
0.8901804685592651	0.225	1.0	0.3673469387755102	0.025	1.0	0.04878048780487805	0.025	1.0	1.0	0.125	0.20806371329019413
0.8927940130233765	0.225	1.0	0.3673469387755102	0.025	1.0	0.04878048780487805	0.025	1.0	1.0	0.125	0.20806371329019413
0.8927940726280212	0.2	1.0	0.3333333333333333	0.025	1.0	0.04878048780487805	0.025	1.0	1.0	0.1125	0.19105691056910568
0.901508629322052	0.2	1.0	0.3333333333333333	0.025	1.0	0.04878048780487805	0.025	1.0	1.0	0.1125	0.19105691056910568
0.9015086889266968	0.175	1.0	0.2978723404255319	0.025	1.0	0.04878048780487805	0.025	1.0	1.0	0.09999999999999999	0.17332641411520497
0.9155974984169006	0.175	1.0	0.2978723404255319	0.025	1.0	0.04878048780487805	0.025	1.0	1.0	0.09999999999999999	0.17332641411520497
0.9155975580215454	0.15	1.0	0.2608695652173913	0.025	1.0	0.04878048780487805	0.025	1.0	1.0	0.0875	0.15482502651113467
0.9246549010276794	0.15	1.0	0.2608695652173913	0.025	1.0	0.04878048780487805	0.025	1.0	1.0	0.0875	0.15482502651113467
0.9246549606323242	0.15	1.0	0.2608695652173913	0.0	1.0	0.0	0.0	1.0	1.0	0.075	0.13043478260869565
0.9463556408882141	0.15	1.0	0.2608695652173913	0.0	1.0	0.0	0.0	1.0	1.0	0.075	0.13043478260869565
0.9463557004928589	0.125	1.0	0.2222222222222222	0.0	1.0	0.0	0.0	1.0	1.0	0.0625	0.1111111111111111
0.9531108736991882	0.125	1.0	0.2222222222222222	0.0	1.0	0.0	0.0	1.0	1.0	0.0625	0.1111111111111111
0.953110933303833	0.1	1.0	0.18181818181818182	0.0	1.0	0.0	0.0	1.0	1.0	0.05	0.09090909090909091
0.9571899771690369	0.1	1.0	0.18181818181818182	0.0	1.0	0.0	0.0	1.0	1.0	0.05	0.09090909090909091
0.9571900367736816	0.075	1.0	0.13953488372093023	0.0	1.0	0.0	0.0	1.0	1.0	0.0375	0.06976744186046512
0.9598563313484192	0.075	1.0	0.13953488372093023	0.0	1.0	0.0	0.0	1.0	1.0	0.0375	0.06976744186046512
0.959856390953064	0.05	1.0	0.09523809523809523	0.0	1.0	0.0	0.0	1.0	1.0	0.025	0.047619047619047616
0.968262255191803	0.05	1.0	0.09523809523809523	0.0	1.0	0.0	0.0	1.0	1.0	0.025	0.047619047619047616
0.9682623147964478	0.025	1.0	0.04878048780487805	0.0	1.0	0.0	0.0	1.0	1.0	0.0125	0.024390243902439025
0.971278727054596	0.025	1.0	0.04878048780487805	0.0	1.0	0.0	0.0	1.0	1.0	0.0125	0.024390243902439025
0.9712787866592407	0.0	1.0	0.0	0.0	1.0	0.0	0.0	1.0	1.0	0.0	0.0
1.0	0.0	1.0	0.0	0.0	1.0	0.0	0.0	1.0	1.0	0.0	0.0
